id	name	popularity	available markets	release date	total tracks
1WRiN6skJPCcnoP99a0oIQ	2022 Freestyle	40	183	2022-04-22	1
0TJbHn3Cx2UhILpiinvHlV	Christmas 2022	0	95	2022-11-18	37
40py8Fn35TC6GnszSKccjZ	Past Lives	53	182	2022-11-11	11
1B7uQCvD30tJVF3O5pQw6Z	Merry Christmas 2022	0	95	2022-11-18	40
7lPoGKpCGgdKFAxpudhAH5	Speak Your Mind (Deluxe)	72	183	2018-04-27	18
4uDaEWj8W206qyyyndHri9	2022 Tanging Ain't Dead Cypher	36	183	2022-02-21	1
2fBx0bD1gMWVKW0EzOWEnU	Best Country Christmas 2022	0	182	2022-11-18	26
0VgAgvoUbLDa0QdTLPIHCG	2022	34	182	2022-09-23	2
4kJhEHkg1ggweXBa45GhPf	2022 World Championship Theme	40	183	2022-09-07	1
2fBx0bD1gMWVKW0EzOWEnU	Best Country Christmas 2022	0	182	2022-11-18	26
58NXIEYqmq5dQHg9nV9duM	Dirt (2022 Remaster)	70	183	1992-09-29	13
0gX9tkL5njRax8ymWcXARi	Unholy (feat. Kim Petras)	88	182	2022-09-22	1
6zgGrSukZBdczZRXwrzkDV	2022	32	183	2022-01-07	1
58NXIEYqmq5dQHg9nV9duM	Dirt (2022 Remaster)	70	183	1992-09-29	13
0Gmf4pfe0POEQq2FgGAj2q	ODDINARY	74	181	2022-03-18	7
58NXIEYqmq5dQHg9nV9duM	Dirt (2022 Remaster)	70	183	1992-09-29	13
2pqdSWeJVsXAhHFuVLzuA8	As It Was	82	182	2022-03-31	1
5yXhPA6vpIvxsKQvgnFpRr	2022	24	183	2022-10-29	1
5XXymqS9NunPlUbovZK8WJ	Sleeper Catcher (Remastered 2022)	54	182	1978	10
6al2VdKbb6FIz9d7lU7WRB	Proof	84	183	2022-06-10	35
1ulbeAv0gZQqzxyPzp6pst	2022	25	183	2022-04-08	1
0TJbHn3Cx2UhILpiinvHlV	Christmas 2022	0	95	2022-11-18	37
7M842DMhYVALrXsw3ty7B3	I'm Good (Blue)	86	182	2022-08-26	2
0TJbHn3Cx2UhILpiinvHlV	Christmas 2022	0	95	2022-11-18	37
3cf4iSSKd8ffTncbtKljXw	Honestly, Nevermind	83	182	2022-06-17	14
3EFhsxrJoH3yE3r8bHheE6	Grave Dancers Union (2022 Remaster)	60	183	1992-10-06	12
3XoK5Dz1cSeeRi5bbO2Gbt	Truth About You	53	183	2021-07-09	1
3wr1hWL6eyUjhqULGy0oyK	2022	21	183	2021-12-31	1
5Wl4V0LZt5cl9JIrR3fqTA	Christmas Vibes 2022	4	95	2022-11-15	97
07AiRVrtrniKqkxHpLLY2g	Blow	62	182	2022-09-22	1
58NXIEYqmq5dQHg9nV9duM	Dirt (2022 Remaster)	70	183	1992-09-29	13
18YWp9F7KWU8cYFSA7o80m	Christmas 2022 Songs	0	95	2022-11-18	25
0h5MuD9O9o1VoN07mQmwMQ	Super Freaky Girl	77	182	2022-08-12	1
18YWp9F7KWU8cYFSA7o80m	Christmas 2022 Songs	0	95	2022-11-18	25
4JApkbiesQxv5drdEZRlZC	About Damn Time	75	178	2022-04-14	1
170JimhdaR5ThyVbcgxraG	20220317	26	183	2022-10-14	1
0xkKzTdvWzS8DA4hzyQijn	Let It Snow 2022	0	95	2022-11-17	85
151w1FgRZfnKZA9FEcg9Z3	Midnights	97	182	2022-10-21	13
1pPsslUdE1HeBxdlgXJ7Yp	First Under The Wire (Remastered 2022)	51	182	1979-07-01	10
0xkKzTdvWzS8DA4hzyQijn	Let It Snow 2022	0	95	2022-11-17	85
3Ks0eeH0GWpY4AU20D5HPD	Gemini Rights	83	183	2022-07-15	10
6EVAtrDDDMRCbxmLikzJnv	The World Is Yours To Take (Budweiser Anthem Of The FIFA World Cup 2022)	49	182	2022-08-31	1
0xkKzTdvWzS8DA4hzyQijn	Let It Snow 2022	0	95	2022-11-17	85
32iAEBstCjauDhyKpGjTuq	=	83	183	2021-10-29	14
5A9U77tiLhd25A9DYGs8EK	2022 my year fr	19	183	2021-01-13	1
5MS3MvWHJ3lOZPLiMxzOU6	Her Loss	96	182	2022-11-04	16
5hKhPzXHXonGbSLeLIFpvw	Justo y Necesario	47	183	2008-10-15	12
1Q6uvKGqYq1PBMfOchBkps	The Ultimate Christmas Party Playlist 2022	0	95	2022-11-17	45
04PEOM6kIEeq9lRp1asNP2	I Ain’t Worried (Music From The Motion Picture "Top Gun: Maverick")	84	182	2022-05-13	1
1pPsslUdE1HeBxdlgXJ7Yp	First Under The Wire (Remastered 2022)	51	182	1979-07-01	10
3s6JvkRZ7DPCFqqu8ssOHm	Musica di Natale per bambini 2022	2	94	2022-11-15	31
4lfFgz2rD1irxf7dZhNJht	SEVENTEEN 4th Album 'Face the Sun'	72	183	2022-05-27	9
5XXymqS9NunPlUbovZK8WJ	Sleeper Catcher (Remastered 2022)	54	182	1978	10
7nII01joxrmJU3KQPLejxV	2022 Rewind	5	181	2022-11-11	70
6sjdohc8ouX9jHxIyqi6mi	Cooped Up	64	181	2022-05-12	1
7C221PnWhYGv8Tc0xSbfdc	Revolver (Super Deluxe)	68	182	2022-10-28	63
2gDEzQ6MmWb8h8C8BBbvMT	Hits of 2022	8	133	2022-11-04	60
1oKYKiAwR31eJvkRwpQVrb	Bye Bye	72	182	2022-10-14	1
58NXIEYqmq5dQHg9nV9duM	Dirt (2022 Remaster)	70	183	1992-09-29	13
6avbWYecMsBC6NSsfXggGU	My Faves 2022	4	128	2022-11-04	30
0VaHnwzDug4AcDkejYDUl5	Sunroof	78	183	2021-12-03	1
33HYdYXXadqsdZ1NsYmS6o	Use Your Illusion I (Deluxe Edition)	51	182	2022-11-11	29
1j8DIcyDZEQylwnLgbULTv	Wintermärchen 2022	1	95	2022-11-15	42
4y77zrDMRkZznufMBScSal	Detox	64	182	2022-09-02	1
58NXIEYqmq5dQHg9nV9duM	Dirt (2022 Remaster)	70	183	1992-09-29	13
0xkKzTdvWzS8DA4hzyQijn	Let It Snow 2022	0	95	2022-11-17	85
6tE9Dnp2zInFij4jKssysL	I NEVER LIKED YOU	81	183	2022-04-29	16
2k9FuG5GyW61y2a0j4R3vP	Walt Disney Records The Legacy Collection: Aladdin	51	181	2022-09-16	51
5CeGjVxZn9dEBaGGjjBiF3	Mega Éxcitos 2022	4	178	2022-11-11	25
6d1vGZsr6Uy3h9IigBpPAf	Meet The Woo	75	182	2019-07-26	9
7J8SSnGauta2Uy7HKhEDMA	Anomaly	46	5	2022-09-16	11
1Q6uvKGqYq1PBMfOchBkps	The Ultimate Christmas Party Playlist 2022	0	95	2022-11-17	45
6FJxoadUE4JNVwWHghBwnb	RENAISSANCE	87	183	2022-07-29	16
4H6TGSkjv4UlvA7WZc2xue	'2022' (Base De Trap)	13	183	2022-07-16	1
6avbWYecMsBC6NSsfXggGU	My Faves 2022	4	128	2022-11-04	30
4QLAtpLNUsHEYrcHXmMIZZ	STAY (with Justin Bieber)	76	182	2021-07-09	1
4ajZigTFWThuIlD6ANkkMv	2022 Klips 1	15	183	2022-07-19	1
3fNVrWvWbHyVR1IsmJkUQP	Capodanno 2022 successi italiani	0	91	2022-11-18	61
7fJJK56U9fHixgO0HQkhtI	Future Nostalgia	81	179	2020-03-27	11
1nnC02B9bhYh6IVFOoij0k	Use Your Illusion (Super Deluxe)	57	182	2022-11-11	77
18YWp9F7KWU8cYFSA7o80m	Christmas 2022 Songs	0	95	2022-11-18	25
58cd90Jkrovggh556JPN9L	Do It To It	72	183	2021-08-20	1
3AipZTknRT2FNrt58dMZax	Weihnachtsmusik 2022	2	95	2022-11-15	99
33Tinkyhfj60QVXtZIArYJ	Pepas (David Guetta Remix - Radio Edit)	55	183	2021-09-21	1
692Hr9ucjagwt9XNMVgZF6	Božični Hiti 2022	1	95	2022-11-16	50
4MajX5vPeY4cX5pv6rf0sA	BILLIE EILISH.	76	182	2022-05-19	1
5Wl4V0LZt5cl9JIrR3fqTA	Christmas Vibes 2022	4	95	2022-11-15	97
6tUQPKlpR4x1gjrXTtOImI	abcdefu	73	183	2021-08-13	1
2RDHjxVUPxAJy927qgwiTM	Christmas 2022	8	95	2022-11-15	99
0oEsQwXJhNbbb8VT0xOMok	STAYING ALIVE (feat. Drake & Lil Baby)	68	182	2022-08-05	1
3AipZTknRT2FNrt58dMZax	Weihnachtsmusik 2022	2	95	2022-11-15	99
47Thm1tltjJVofuRumhfmi	Who is Nardo Wick?? (Deluxe)	71	183	2022-07-22	30
18YWp9F7KWU8cYFSA7o80m	Christmas 2022 Songs	0	95	2022-11-18	25
2FD6g8bXEn2uQMYbeqqoCg	Just Wanna Rock	76	182	2022-10-17	1
3AipZTknRT2FNrt58dMZax	Weihnachtsmusik 2022	2	95	2022-11-15	99
6FIMt58naoGYrOe4Wn2P3n	Bam Bam (feat. Ed Sheeran)	73	182	2022-03-04	1
32iAEBstCjauDhyKpGjTuq	=	83	183	2021-10-29	14
1B7uQCvD30tJVF3O5pQw6Z	Merry Christmas 2022	0	95	2022-11-18	40
5MS3MvWHJ3lOZPLiMxzOU6	Her Loss	96	182	2022-11-04	16
692Hr9ucjagwt9XNMVgZF6	Božični Hiti 2022	1	95	2022-11-16	50
4AdZV63ycxFLF6Hcol0QnB	Starboy	80	183	2016-11-24	18
5Wl4V0LZt5cl9JIrR3fqTA	Christmas Vibes 2022	4	95	2022-11-15	97
2y9DFhTWC7QQJMvygK0TzO	Buy Dirt	70	183	2021-05-21	8
7nII01joxrmJU3KQPLejxV	2022 Rewind	5	181	2022-11-11	70
6rjTLZmOHDByOn63ZZomyY	Arhbo [Music from the FIFA World Cup Qatar 2022 Official Soundtrack]	54	183	2022-08-26	1
3NZ94nQbqimcu2i71qhc4f	BETWEEN 1&2	75	181	2022-08-26	7
5Wl4V0LZt5cl9JIrR3fqTA	Christmas Vibes 2022	4	95	2022-11-15	97
4cAcTMGFjTBufC7Eu0FizU	Glitch Mode - The 2nd Album	66	183	2022-03-28	11
60w8hVodMuIPiVxs94H3Sh	Mood Boosters 2022	9	134	2022-11-04	33
0KTj6k94XZh0c6IEMfxeWV	Dreamland (+ Bonus Levels)	76	183	2020-08-06	18
6avbWYecMsBC6NSsfXggGU	My Faves 2022	4	128	2022-11-04	30
3HHNR44YbP7XogMVwzbodx	Twelve Carat Toothache	82	182	2022-06-03	14
0xkKzTdvWzS8DA4hzyQijn	Let It Snow 2022	0	95	2022-11-17	85
278z9UXJaMNDH9Bel9uAxV	The Motto	73	183	2021-11-04	1
7nII01joxrmJU3KQPLejxV	2022 Rewind	5	181	2022-11-11	70
2b2GHWESCWEuHiCZ2Skedp	Calm Down (with Selena Gomez)	81	182	2022-08-25	1
6oECjagksATHu2UaclXrq1	Doja	78	182	2022-07-21	1
3HgoCO9wWuPcNhz8Ip4C46	‘The ReVe Festival 2022 - Feel My Rhythm’	65	183	2022-03-21	6
5omNd3Mkij9C3ZeW19rRmv	DESPECHÁ	80	183	2022-07-28	1
3jdOgsGCO9oztx1XMeEYMq	X-Mas Party 2022	7	174	2022-11-11	57
5Jk4Eg7pxYhDrWJCVVzmMt	CHARLIE	78	182	2022-10-06	12
7nII01joxrmJU3KQPLejxV	2022 Rewind	5	181	2022-11-11	70
4Uv7QjKaAq1mFO7aYzk4Xc	Aston Martin Truck	65	182	2022-10-21	1
0BrnpdBkGqsxwTXU9AzNGQ	Top Tracks 2022	8	179	2022-11-04	26
2LTqBgZUH4EkDcj8hdkNjK	CHARLIE	75	182	2022-10-07	12
3b27iOthz11dejHHVG4Dze	Pop - Best of 2022	11	128	2022-11-04	55
4fb1QzgTJpTk9TBjFzjmlR	SNAP	81	183	2022-03-19	1
7nII01joxrmJU3KQPLejxV	2022 Rewind	5	181	2022-11-11	70
3FEQZNn34v3EdxrVKi9pZF	Betty (Get Money)	72	182	2022-06-10	1
5UgaQfAOaOdfLxFClw8EWa	Stereotype	71	182	2022-04-08	13
6s84u2TUpR3wdUv4NgKA2j	SOUR	89	183	2021-05-21	11
79ONNoS4M9tfIA1mYLBYVX	Mr. Morale & The Big Steppers	83	182	2022-05-13	19
4QQWpCEX4BxMXwRQmtkKY6	Hold Me Closer	76	182	2022-08-26	1
7nII01joxrmJU3KQPLejxV	2022 Rewind	5	181	2022-11-11	70
2eE8BVirX9VF8Di9hD90iw	Come Home The Kids Miss You	78	182	2022-05-06	15
1pVDyIhEeVDBQjZYO67ytl	KIDZ BOP 2022	62	152	2021-10-22	48
622NFw5Yk0OReMJ2XWcXUh	INDUSTRY BABY (feat. Jack Harlow)	73	182	2021-07-23	1
2HYufzr6XUqSurRZdY0D9w	Love Tonight (David Guetta Remix)	69	183	2021-06-11	3
1o8jYrnyZueTPIdhlHuTc8	minisode 2: Thursday's Child	71	183	2022-05-09	5
7nII01joxrmJU3KQPLejxV	2022 Rewind	5	181	2022-11-11	70
3b27iOthz11dejHHVG4Dze	Pop - Best of 2022	11	128	2022-11-04	55
6avbWYecMsBC6NSsfXggGU	My Faves 2022	4	128	2022-11-04	30
2gDEzQ6MmWb8h8C8BBbvMT	Hits of 2022	8	133	2022-11-04	60
1bS4BIVXjMHLKiXACM7GT6	Bombsquad	36	182	2022-10-21	3
5CeGjVxZn9dEBaGGjjBiF3	Mega Éxcitos 2022	4	178	2022-11-11	25
1pVDyIhEeVDBQjZYO67ytl	KIDZ BOP 2022	62	152	2021-10-22	48
7nII01joxrmJU3KQPLejxV	2022 Rewind	5	181	2022-11-11	70
7nII01joxrmJU3KQPLejxV	2022 Rewind	5	181	2022-11-11	70
7Cj7913Nj7e4KPfdd4VNBi	2022	9	183	2022-02-16	1
3hgHmK71JKnsbmY46Q8WhP	the alternative 2022	7	182	2022-11-11	50
6ZPs8TTb5GV6RD2M6FsrUl	Rise of Sly	33	183	2022-01-04	25
60w8hVodMuIPiVxs94H3Sh	Mood Boosters 2022	9	134	2022-11-04	33
1rqx39AXQ1QOU2d7aVjaTW	2022	13	183	2022-01-21	1
0BrnpdBkGqsxwTXU9AzNGQ	Top Tracks 2022	8	179	2022-11-04	26
5jbqrySvnk6rUvOZ6tbscd	IRIS	38	183	2022-01-21	13
3b27iOthz11dejHHVG4Dze	Pop - Best of 2022	11	128	2022-11-04	55
15ecQWOUGMYCUt1YydvMPy	Tökkö Temples	12	183	2022-01-30	3
1nnC02B9bhYh6IVFOoij0k	Use Your Illusion (Super Deluxe)	57	182	2022-11-11	77
1KJTiYUkNvuW6PVDLgQPzc	Unspoken Words	35	183	2021-12-06	20
6XCQ6n3fMz1qGcUVADbpY3	Football Anthems 2022	8	85	2022-11-11	20
0aZH8VUhQfLHCibmMdJgoN	2022	6	183	2022-01-21	1
1nnC02B9bhYh6IVFOoij0k	Use Your Illusion (Super Deluxe)	57	182	2022-11-11	77
7gmP56Qy57CeVrNyc5xB5d	2022	5	183	2022-01-07	1
47iZIYtSK2BZb3g1y4LV5y	Top Trending Romania - Vara 2022	53	95	2022-10-07	100
77pfq6Ub1QM0OUBUyuks9A	2022	4	183	2022-10-31	1
5Mj2yjw6EZjcgcCzXhee9z	Dance - Best of 2022	3	182	2022-11-04	25
4Ehs1EjGAgTy91t2isGPqE	2022	4	181	2022-05-27	1
1nnC02B9bhYh6IVFOoij0k	Use Your Illusion (Super Deluxe)	57	182	2022-11-11	77
5jtwM6EY4EeoANHwqyjxk6	2022	8	183	2022-07-22	1
3b27iOthz11dejHHVG4Dze	Pop - Best of 2022	11	128	2022-11-04	55
38yl5SWs2cfWXCHJPAy7oF	New Leaf	23	183	2020-07-04	10
1nnC02B9bhYh6IVFOoij0k	Use Your Illusion (Super Deluxe)	57	182	2022-11-11	77
6TD3vA47sPGc5vdeOPUnc9	lofi ep	3	183	2022-01-28	5
33HYdYXXadqsdZ1NsYmS6o	Use Your Illusion I (Deluxe Edition)	51	182	2022-11-11	29
6ELqUBxrTSFFjaTratUXMI	Dopehouse Mixtape	64	182	2022-08-25	18
6CVqKOQkHlK1lRWlOnLkXs	Taxman (2022 Mix)	48	182	2022-09-07	1
7yBPBvBYXB4e41YZa6xAlx	2022	2	183	2022-05-15	1
22BtZeG6Kq2VvQVlZCgCAG	Use Your Illusion II (Deluxe Edition)	37	182	2022-11-11	27
5BN9XQDQIPGcMUx5ZOnSqV	2022	3	183	2022-07-22	1
22BtZeG6Kq2VvQVlZCgCAG	Use Your Illusion II (Deluxe Edition)	37	182	2022-11-11	27
5MzBbJO271Vn4VjxtDev3V	2022	4	183	2022-01-05	1
58NXIEYqmq5dQHg9nV9duM	Dirt (2022 Remaster)	70	183	1992-09-29	13
3TgFjPjxTUieaxKKJY8J3r	ART Оборона	43	183	2022-07-01	9
22BtZeG6Kq2VvQVlZCgCAG	Use Your Illusion II (Deluxe Edition)	37	182	2022-11-11	27
0fUL97APBzDeGCgQUrA5hS	2022	31	183	2022-01-28	1
3R5UKfbGpobsD4KHNbYReV	Use Your Illusion II	17	182	2022-11-11	14
48JNiMveicF2w21IrrdMcC	2022	3	183	2021-11-18	1
5S1uPYZSgeAkZYxvFuJBeW	Use Your Illusion I	25	182	2022-11-11	16
4wKULN8VD2WvlXfe2vCq5c	111	52	183	2022-11-04	12
3R5UKfbGpobsD4KHNbYReV	Use Your Illusion II	17	182	2022-11-11	14
3YkvKqJyYAiFaBbpQPDyiw	Ecstasy In The Palace	33	183	2022-04-14	18
1nnC02B9bhYh6IVFOoij0k	Use Your Illusion (Super Deluxe)	57	182	2022-11-11	77
7tIVuMYjrSZEYS2hHSMlh4	2022	7	183	2022-01-17	1
3R5UKfbGpobsD4KHNbYReV	Use Your Illusion II	17	182	2022-11-11	14
6apHrLiiQLJiuAbmfpxapa	2022	2	183	2022-01-07	1
1nnC02B9bhYh6IVFOoij0k	Use Your Illusion (Super Deluxe)	57	182	2022-11-11	77
7rc6GOA51znIGoipoy56si	Party 2.0	24	182	2022-09-14	13
1nnC02B9bhYh6IVFOoij0k	Use Your Illusion (Super Deluxe)	57	182	2022-11-11	77
4b50TZmLWKcvuMCr2FcxKp	2022	32	183	2022-01-03	1
1nnC02B9bhYh6IVFOoij0k	Use Your Illusion (Super Deluxe)	57	182	2022-11-11	77
5ZV0BME9Y6vAjXWarbBdzx	Fast Life 3	18	183	2022-01-11	13
2HQ1QwLkpqd5Jn0u5oskim	this was 2022 the hits	15	134	2022-11-11	100
1Aso2C5PM1FFi4cWFg5g1R	2022	11	183	2021-12-16	1
1nnC02B9bhYh6IVFOoij0k	Use Your Illusion (Super Deluxe)	57	182	2022-11-11	77
3yBGWWaHW84KgRGcYyUtr8	Short Stories	12	183	2022-07-29	3
1nnC02B9bhYh6IVFOoij0k	Use Your Illusion (Super Deluxe)	57	182	2022-11-11	77
2oAI75dtMqGiovv0Mota9w	2022	2	183	2021-12-30	1
1nnC02B9bhYh6IVFOoij0k	Use Your Illusion (Super Deluxe)	57	182	2022-11-11	77
1hXyNbPKPWtswRAiWHBrmr	2022	3	182	2022-02-22	1
1nnC02B9bhYh6IVFOoij0k	Use Your Illusion (Super Deluxe)	57	182	2022-11-11	77
3d0hyN4pdQHHkfQvsttA8q	2022	1	183	2022-08-02	1
1nnC02B9bhYh6IVFOoij0k	Use Your Illusion (Super Deluxe)	57	182	2022-11-11	77
6HNxbs1ePh4vjUv7fNe0xE	Saucester	20	183	2022-08-24	11
1nnC02B9bhYh6IVFOoij0k	Use Your Illusion (Super Deluxe)	57	182	2022-11-11	77
7jjwVpV95TJLQ5MInOnIVn	2022	6	183	2021-12-31	1
33HYdYXXadqsdZ1NsYmS6o	Use Your Illusion I (Deluxe Edition)	51	182	2022-11-11	29
2prSTyweZ4v2FCJmRzHn6P	2022	20	183	2022-03-11	1
5S1uPYZSgeAkZYxvFuJBeW	Use Your Illusion I	25	182	2022-11-11	16
4uZSQL82wMa2qQiL8fDJX7	2022	6	183	2022-08-21	1
1nnC02B9bhYh6IVFOoij0k	Use Your Illusion (Super Deluxe)	57	182	2022-11-11	77
4Bol7gm6DKDOYXbGJghEjT	Do All Dogs Go To Heaven	8	183	2022-06-17	12
33HYdYXXadqsdZ1NsYmS6o	Use Your Illusion I (Deluxe Edition)	51	182	2022-11-11	29
6wiWlvqCdeFPI4TDbrn3uN	2022	2	183	2022-08-22	1
33HYdYXXadqsdZ1NsYmS6o	Use Your Illusion I (Deluxe Edition)	51	182	2022-11-11	29
0ThJfwpBxyMUrPyHMFMPaV	2022	1	183	2022-03-20	1
33HYdYXXadqsdZ1NsYmS6o	Use Your Illusion I (Deluxe Edition)	51	182	2022-11-11	29
4EiBojTExpeHfZthXxwxvT	2022	1	183	2022-01-27	1
3b27iOthz11dejHHVG4Dze	Pop - Best of 2022	11	128	2022-11-04	55
4TCcau3EhDdiBdWWL89BFN	2022	13	183	2022-10-27	1
3R5UKfbGpobsD4KHNbYReV	Use Your Illusion II	17	182	2022-11-11	14
4Baezws1jqRqlcven3w1oi	2022	9	183	2022-04-01	1
33HYdYXXadqsdZ1NsYmS6o	Use Your Illusion I (Deluxe Edition)	51	182	2022-11-11	29
49gTjOizSmEPbYnkqK3Dcc	Smile & Laughs	6	183	2022-07-17	19
22BtZeG6Kq2VvQVlZCgCAG	Use Your Illusion II (Deluxe Edition)	37	182	2022-11-11	27
1vpnlUGpwG9Ul9MjZH5Y8X	2022	4	183	2022-01-11	1
22BtZeG6Kq2VvQVlZCgCAG	Use Your Illusion II (Deluxe Edition)	37	182	2022-11-11	27
4cGeS56Ah84oGQCluRW5qm	things i hope you don't remember	10	183	2022-08-26	9
5S1uPYZSgeAkZYxvFuJBeW	Use Your Illusion I	25	182	2022-11-11	16
7mDfVVu9tfvMAkWlHTxDi7	2022	5	183	2022-01-01	4
5S1uPYZSgeAkZYxvFuJBeW	Use Your Illusion I	25	182	2022-11-11	16
7k4J5qR8PM85DHAbWMWahB	2022	1	183	2022-10-20	1
1nnC02B9bhYh6IVFOoij0k	Use Your Illusion (Super Deluxe)	57	182	2022-11-11	77
5zUwpYOKhsJkvmOq7hKovS	2022	14	183	2021-09-24	1
22BtZeG6Kq2VvQVlZCgCAG	Use Your Illusion II (Deluxe Edition)	37	182	2022-11-11	27
5Pe8Tik2SOuO7thmyRvyPW	2022	1	183	2022-05-16	1
22BtZeG6Kq2VvQVlZCgCAG	Use Your Illusion II (Deluxe Edition)	37	182	2022-11-11	27
6m6NB4ZyJZTVzkQpyfVKk6	Billy The Kid	2	183	2022-10-10	5
1nnC02B9bhYh6IVFOoij0k	Use Your Illusion (Super Deluxe)	57	182	2022-11-11	77
0A0vz3iBhOdJe3kQMk7rJR	2022	0	183	2022-01-05	1
3R5UKfbGpobsD4KHNbYReV	Use Your Illusion II	17	182	2022-11-11	14
722UdK4jKw9O7GwNSuRMkQ	2022	2	182	2022-01-16	1
5S1uPYZSgeAkZYxvFuJBeW	Use Your Illusion I	25	182	2022-11-11	16
22BtZeG6Kq2VvQVlZCgCAG	Use Your Illusion II (Deluxe Edition)	37	182	2022-11-11	27
3R5UKfbGpobsD4KHNbYReV	Use Your Illusion II	17	182	2022-11-11	14
3R5UKfbGpobsD4KHNbYReV	Use Your Illusion II	17	182	2022-11-11	14
22BtZeG6Kq2VvQVlZCgCAG	Use Your Illusion II (Deluxe Edition)	37	182	2022-11-11	27
5S1uPYZSgeAkZYxvFuJBeW	Use Your Illusion I	25	182	2022-11-11	16
3R5UKfbGpobsD4KHNbYReV	Use Your Illusion II	17	182	2022-11-11	14
3R5UKfbGpobsD4KHNbYReV	Use Your Illusion II	17	182	2022-11-11	14
1nnC02B9bhYh6IVFOoij0k	Use Your Illusion (Super Deluxe)	57	182	2022-11-11	77
5S1uPYZSgeAkZYxvFuJBeW	Use Your Illusion I	25	182	2022-11-11	16
1nnC02B9bhYh6IVFOoij0k	Use Your Illusion (Super Deluxe)	57	182	2022-11-11	77
1nnC02B9bhYh6IVFOoij0k	Use Your Illusion (Super Deluxe)	57	182	2022-11-11	77
1nnC02B9bhYh6IVFOoij0k	Use Your Illusion (Super Deluxe)	57	182	2022-11-11	77
33HYdYXXadqsdZ1NsYmS6o	Use Your Illusion I (Deluxe Edition)	51	182	2022-11-11	29
33HYdYXXadqsdZ1NsYmS6o	Use Your Illusion I (Deluxe Edition)	51	182	2022-11-11	29
1nnC02B9bhYh6IVFOoij0k	Use Your Illusion (Super Deluxe)	57	182	2022-11-11	77
1nnC02B9bhYh6IVFOoij0k	Use Your Illusion (Super Deluxe)	57	182	2022-11-11	77
6XCQ6n3fMz1qGcUVADbpY3	Football Anthems 2022	8	85	2022-11-11	20
33HYdYXXadqsdZ1NsYmS6o	Use Your Illusion I (Deluxe Edition)	51	182	2022-11-11	29
33HYdYXXadqsdZ1NsYmS6o	Use Your Illusion I (Deluxe Edition)	51	182	2022-11-11	29
33HYdYXXadqsdZ1NsYmS6o	Use Your Illusion I (Deluxe Edition)	51	182	2022-11-11	29
33HYdYXXadqsdZ1NsYmS6o	Use Your Illusion I (Deluxe Edition)	51	182	2022-11-11	29
5S1uPYZSgeAkZYxvFuJBeW	Use Your Illusion I	25	182	2022-11-11	16
5S1uPYZSgeAkZYxvFuJBeW	Use Your Illusion I	25	182	2022-11-11	16
5S1uPYZSgeAkZYxvFuJBeW	Use Your Illusion I	25	182	2022-11-11	16
5S1uPYZSgeAkZYxvFuJBeW	Use Your Illusion I	25	182	2022-11-11	16
5S1uPYZSgeAkZYxvFuJBeW	Use Your Illusion I	25	182	2022-11-11	16
58NXIEYqmq5dQHg9nV9duM	Dirt (2022 Remaster)	70	183	1992-09-29	13
5S1uPYZSgeAkZYxvFuJBeW	Use Your Illusion I	25	182	2022-11-11	16
1nnC02B9bhYh6IVFOoij0k	Use Your Illusion (Super Deluxe)	57	182	2022-11-11	77
7nII01joxrmJU3KQPLejxV	2022 Rewind	5	181	2022-11-11	70
1nnC02B9bhYh6IVFOoij0k	Use Your Illusion (Super Deluxe)	57	182	2022-11-11	77
1nnC02B9bhYh6IVFOoij0k	Use Your Illusion (Super Deluxe)	57	182	2022-11-11	77
33HYdYXXadqsdZ1NsYmS6o	Use Your Illusion I (Deluxe Edition)	51	182	2022-11-11	29
1nnC02B9bhYh6IVFOoij0k	Use Your Illusion (Super Deluxe)	57	182	2022-11-11	77
1nnC02B9bhYh6IVFOoij0k	Use Your Illusion (Super Deluxe)	57	182	2022-11-11	77
22BtZeG6Kq2VvQVlZCgCAG	Use Your Illusion II (Deluxe Edition)	37	182	2022-11-11	27
33HYdYXXadqsdZ1NsYmS6o	Use Your Illusion I (Deluxe Edition)	51	182	2022-11-11	29
22BtZeG6Kq2VvQVlZCgCAG	Use Your Illusion II (Deluxe Edition)	37	182	2022-11-11	27
7C221PnWhYGv8Tc0xSbfdc	Revolver (Super Deluxe)	68	182	2022-10-28	63
3R5UKfbGpobsD4KHNbYReV	Use Your Illusion II	17	182	2022-11-11	14
5S1uPYZSgeAkZYxvFuJBeW	Use Your Illusion I	25	182	2022-11-11	16
22BtZeG6Kq2VvQVlZCgCAG	Use Your Illusion II (Deluxe Edition)	37	182	2022-11-11	27
22BtZeG6Kq2VvQVlZCgCAG	Use Your Illusion II (Deluxe Edition)	37	182	2022-11-11	27
3R5UKfbGpobsD4KHNbYReV	Use Your Illusion II	17	182	2022-11-11	14
5S1uPYZSgeAkZYxvFuJBeW	Use Your Illusion I	25	182	2022-11-11	16
3R5UKfbGpobsD4KHNbYReV	Use Your Illusion II	17	182	2022-11-11	14
3R5UKfbGpobsD4KHNbYReV	Use Your Illusion II	17	182	2022-11-11	14
6avbWYecMsBC6NSsfXggGU	My Faves 2022	4	128	2022-11-04	30
5CeGjVxZn9dEBaGGjjBiF3	Mega Éxcitos 2022	4	178	2022-11-11	25
2gDEzQ6MmWb8h8C8BBbvMT	Hits of 2022	8	133	2022-11-04	60
6avbWYecMsBC6NSsfXggGU	My Faves 2022	4	128	2022-11-04	30
33HYdYXXadqsdZ1NsYmS6o	Use Your Illusion I (Deluxe Edition)	51	182	2022-11-11	29
3hgHmK71JKnsbmY46Q8WhP	the alternative 2022	7	182	2022-11-11	50
5S1uPYZSgeAkZYxvFuJBeW	Use Your Illusion I	25	182	2022-11-11	16
3b27iOthz11dejHHVG4Dze	Pop - Best of 2022	11	128	2022-11-04	55
3b27iOthz11dejHHVG4Dze	Pop - Best of 2022	11	128	2022-11-04	55
7nII01joxrmJU3KQPLejxV	2022 Rewind	5	181	2022-11-11	70
7nII01joxrmJU3KQPLejxV	2022 Rewind	5	181	2022-11-11	70
1pVDyIhEeVDBQjZYO67ytl	KIDZ BOP 2022	62	152	2021-10-22	48
18YWp9F7KWU8cYFSA7o80m	Christmas 2022 Songs	0	95	2022-11-18	25
7C221PnWhYGv8Tc0xSbfdc	Revolver (Super Deluxe)	68	182	2022-10-28	63
7nII01joxrmJU3KQPLejxV	2022 Rewind	5	181	2022-11-11	70
60w8hVodMuIPiVxs94H3Sh	Mood Boosters 2022	9	134	2022-11-04	33
7nII01joxrmJU3KQPLejxV	2022 Rewind	5	181	2022-11-11	70
6avbWYecMsBC6NSsfXggGU	My Faves 2022	4	128	2022-11-04	30
7nII01joxrmJU3KQPLejxV	2022 Rewind	5	181	2022-11-11	70
60w8hVodMuIPiVxs94H3Sh	Mood Boosters 2022	9	134	2022-11-04	33
2gDEzQ6MmWb8h8C8BBbvMT	Hits of 2022	8	133	2022-11-04	60
6avbWYecMsBC6NSsfXggGU	My Faves 2022	4	128	2022-11-04	30
5CeGjVxZn9dEBaGGjjBiF3	Mega Éxcitos 2022	4	178	2022-11-11	25
60w8hVodMuIPiVxs94H3Sh	Mood Boosters 2022	9	134	2022-11-04	33
6PanEvuo9ZNvGT39v50xp6	Yankee Hotel Foxtrot (2022 Remaster)	47	182	2002	11
5CeGjVxZn9dEBaGGjjBiF3	Mega Éxcitos 2022	4	178	2022-11-11	25
5Mj2yjw6EZjcgcCzXhee9z	Dance - Best of 2022	3	182	2022-11-04	25
5CeGjVxZn9dEBaGGjjBiF3	Mega Éxcitos 2022	4	178	2022-11-11	25
2HX22KUfq3ByM0v5TdHjjo	KIDZ BOP Christmas	41	182	2022-11-04	58
3b27iOthz11dejHHVG4Dze	Pop - Best of 2022	11	128	2022-11-04	55
3b27iOthz11dejHHVG4Dze	Pop - Best of 2022	11	128	2022-11-04	55
3AipZTknRT2FNrt58dMZax	Weihnachtsmusik 2022	2	95	2022-11-15	99
2HQ1QwLkpqd5Jn0u5oskim	this was 2022 the hits	15	134	2022-11-11	100
2HX22KUfq3ByM0v5TdHjjo	KIDZ BOP Christmas	41	182	2022-11-04	58
1nnC02B9bhYh6IVFOoij0k	Use Your Illusion (Super Deluxe)	57	182	2022-11-11	77
58NXIEYqmq5dQHg9nV9duM	Dirt (2022 Remaster)	70	183	1992-09-29	13
2HX22KUfq3ByM0v5TdHjjo	KIDZ BOP Christmas	41	182	2022-11-04	58
22BtZeG6Kq2VvQVlZCgCAG	Use Your Illusion II (Deluxe Edition)	37	182	2022-11-11	27
692Hr9ucjagwt9XNMVgZF6	Božični Hiti 2022	1	95	2022-11-16	50
5Wl4V0LZt5cl9JIrR3fqTA	Christmas Vibes 2022	4	95	2022-11-15	97
3R5UKfbGpobsD4KHNbYReV	Use Your Illusion II	17	182	2022-11-11	14
4qtMQSCoDtgCbqAcEZr6Mx	Money For Nothing (2022 Remaster)	39	1	1988	12
0xkKzTdvWzS8DA4hzyQijn	Let It Snow 2022	0	95	2022-11-17	85
3hgHmK71JKnsbmY46Q8WhP	the alternative 2022	7	182	2022-11-11	50
0NlICeyktPXMFJoj95ocBm	Alternative Hits 2022	8	179	2022-11-11	50
2HX22KUfq3ByM0v5TdHjjo	KIDZ BOP Christmas	41	182	2022-11-04	58
5CeGjVxZn9dEBaGGjjBiF3	Mega Éxcitos 2022	4	178	2022-11-11	25
7C221PnWhYGv8Tc0xSbfdc	Revolver (Super Deluxe)	68	182	2022-10-28	63
3b27iOthz11dejHHVG4Dze	Pop - Best of 2022	11	128	2022-11-04	55
4i4ZLqZMhHqD3Wkl04yq4u	Thizzler Cypher 2022	46	183	2022-07-06	6
3jdOgsGCO9oztx1XMeEYMq	X-Mas Party 2022	7	174	2022-11-11	57
3b27iOthz11dejHHVG4Dze	Pop - Best of 2022	11	128	2022-11-04	55
3cHkgwGgymEZx7njNJraEg	Radio Éxitos 2022 "El Disco Del Año"	16	1	2022-11-04	26
7nII01joxrmJU3KQPLejxV	2022 Rewind	5	181	2022-11-11	70
7nII01joxrmJU3KQPLejxV	2022 Rewind	5	181	2022-11-11	70
7C221PnWhYGv8Tc0xSbfdc	Revolver (Super Deluxe)	68	182	2022-10-28	63
3dU31hUC2CEI1yKSNaH0f1	Goodbye (She Quietly Says) / Watertown [2022 Mix]	45	182	2022-05-06	2
3AipZTknRT2FNrt58dMZax	Weihnachtsmusik 2022	2	95	2022-11-15	99
1Us8ogvoRbdISewY69UE43	Harper Valley P.T.A. (Sun Records 70th / Remastered 2022)	40	182	1968-01-01	11
7C221PnWhYGv8Tc0xSbfdc	Revolver (Super Deluxe)	68	182	2022-10-28	63
0NlICeyktPXMFJoj95ocBm	Alternative Hits 2022	8	179	2022-11-11	50
3hgHmK71JKnsbmY46Q8WhP	the alternative 2022	7	182	2022-11-11	50
3AipZTknRT2FNrt58dMZax	Weihnachtsmusik 2022	2	95	2022-11-15	99
2RDHjxVUPxAJy927qgwiTM	Christmas 2022	8	95	2022-11-15	99
3AipZTknRT2FNrt58dMZax	Weihnachtsmusik 2022	2	95	2022-11-15	99
5Wl4V0LZt5cl9JIrR3fqTA	Christmas Vibes 2022	4	95	2022-11-15	97
3hgHmK71JKnsbmY46Q8WhP	the alternative 2022	7	182	2022-11-11	50
7C221PnWhYGv8Tc0xSbfdc	Revolver (Super Deluxe)	68	182	2022-10-28	63
2HX22KUfq3ByM0v5TdHjjo	KIDZ BOP Christmas	41	182	2022-11-04	58
3jdOgsGCO9oztx1XMeEYMq	X-Mas Party 2022	7	174	2022-11-11	57
7C221PnWhYGv8Tc0xSbfdc	Revolver (Super Deluxe)	68	182	2022-10-28	63
0TJbHn3Cx2UhILpiinvHlV	Christmas 2022	0	95	2022-11-18	37
0TJbHn3Cx2UhILpiinvHlV	Christmas 2022	0	95	2022-11-18	37
0TJbHn3Cx2UhILpiinvHlV	Christmas 2022	0	95	2022-11-18	37
0TJbHn3Cx2UhILpiinvHlV	Christmas 2022	0	95	2022-11-18	37
1j8DIcyDZEQylwnLgbULTv	Wintermärchen 2022	1	95	2022-11-15	42
67TXdqM1jPsLtR7Bl2Kl6J	2022 Football Rock Hits	3	95	2022-11-15	37
67TXdqM1jPsLtR7Bl2Kl6J	2022 Football Rock Hits	3	95	2022-11-15	37
4Q0st7hPWvgZZ04okZcDDe	Christmas Jazz 2022	0	95	2022-11-17	72
4Q0st7hPWvgZZ04okZcDDe	Christmas Jazz 2022	0	95	2022-11-17	72
2RDHjxVUPxAJy927qgwiTM	Christmas 2022	8	95	2022-11-15	99
67TXdqM1jPsLtR7Bl2Kl6J	2022 Football Rock Hits	3	95	2022-11-15	37
7C221PnWhYGv8Tc0xSbfdc	Revolver (Super Deluxe)	68	182	2022-10-28	63
2k9FuG5GyW61y2a0j4R3vP	Walt Disney Records The Legacy Collection: Aladdin	51	181	2022-09-16	51
5Wl4V0LZt5cl9JIrR3fqTA	Christmas Vibes 2022	4	95	2022-11-15	97
1B7uQCvD30tJVF3O5pQw6Z	Merry Christmas 2022	0	95	2022-11-18	40
1B7uQCvD30tJVF3O5pQw6Z	Merry Christmas 2022	0	95	2022-11-18	40
1B7uQCvD30tJVF3O5pQw6Z	Merry Christmas 2022	0	95	2022-11-18	40
1B7uQCvD30tJVF3O5pQw6Z	Merry Christmas 2022	0	95	2022-11-18	40
5Wl4V0LZt5cl9JIrR3fqTA	Christmas Vibes 2022	4	95	2022-11-15	97
18YWp9F7KWU8cYFSA7o80m	Christmas 2022 Songs	0	95	2022-11-18	25
0xkKzTdvWzS8DA4hzyQijn	Let It Snow 2022	0	95	2022-11-17	85
0xkKzTdvWzS8DA4hzyQijn	Let It Snow 2022	0	95	2022-11-17	85
4CnAmH7lC1pdSGjN3vfahA	Top Christmas Songs 2022	7	95	2022-11-15	80
0xkKzTdvWzS8DA4hzyQijn	Let It Snow 2022	0	95	2022-11-17	85
3fNVrWvWbHyVR1IsmJkUQP	Capodanno 2022 successi italiani	0	91	2022-11-18	61
7C221PnWhYGv8Tc0xSbfdc	Revolver (Super Deluxe)	68	182	2022-10-28	63
7nII01joxrmJU3KQPLejxV	2022 Rewind	5	181	2022-11-11	70
3fNVrWvWbHyVR1IsmJkUQP	Capodanno 2022 successi italiani	0	91	2022-11-18	61
0aA6OMy9EGkqiCdxyBdZXF	Chill Winter Hits 2022	6	95	2022-11-15	30
7C221PnWhYGv8Tc0xSbfdc	Revolver (Super Deluxe)	68	182	2022-10-28	63
0dbZCuF9B22PA9d0ZJnhaT	LOST SONGS	56	183	2022-10-06	18
4CnAmH7lC1pdSGjN3vfahA	Top Christmas Songs 2022	7	95	2022-11-15	80
6avbWYecMsBC6NSsfXggGU	My Faves 2022	4	128	2022-11-04	30
2gDEzQ6MmWb8h8C8BBbvMT	Hits of 2022	8	133	2022-11-04	60
24RyjePRpt7TWooJwAOQm6	Buone Feste di Natale 2022	5	95	2022-11-09	38
24RyjePRpt7TWooJwAOQm6	Buone Feste di Natale 2022	5	95	2022-11-09	38
1Q6uvKGqYq1PBMfOchBkps	The Ultimate Christmas Party Playlist 2022	0	95	2022-11-17	45
1Q6uvKGqYq1PBMfOchBkps	The Ultimate Christmas Party Playlist 2022	0	95	2022-11-17	45
67TXdqM1jPsLtR7Bl2Kl6J	2022 Football Rock Hits	3	95	2022-11-15	37
7nII01joxrmJU3KQPLejxV	2022 Rewind	5	181	2022-11-11	70
2HQ1QwLkpqd5Jn0u5oskim	this was 2022 the hits	15	134	2022-11-11	100
3b27iOthz11dejHHVG4Dze	Pop - Best of 2022	11	128	2022-11-04	55
2y1AfhFTokE1bObd4Dcakg	Diamantina Cocktail (Remastered 2022)	45	182	1977	12
0PXoGqfWaLzowd1yMUgUrY	Mozart: Piano Works (Remastered 2022)	16	183	2022-11-04	8
0PXoGqfWaLzowd1yMUgUrY	Mozart: Piano Works (Remastered 2022)	16	183	2022-11-04	8
0PXoGqfWaLzowd1yMUgUrY	Mozart: Piano Works (Remastered 2022)	16	183	2022-11-04	8
7nPYMLQJhZAwHFeMcVqsmz	Christmas Swing 2022 | Dean Martin, Frank Sinatra, Nat King Cole, Bing Crosby, Rat Pack & more	6	95	2022-11-15	80
2k9FuG5GyW61y2a0j4R3vP	Walt Disney Records The Legacy Collection: Aladdin	51	181	2022-09-16	51
2gDEzQ6MmWb8h8C8BBbvMT	Hits of 2022	8	133	2022-11-04	60
6avbWYecMsBC6NSsfXggGU	My Faves 2022	4	128	2022-11-04	30
7C221PnWhYGv8Tc0xSbfdc	Revolver (Super Deluxe)	68	182	2022-10-28	63
3HgoCO9wWuPcNhz8Ip4C46	‘The ReVe Festival 2022 - Feel My Rhythm’	65	183	2022-03-21	6
0PXoGqfWaLzowd1yMUgUrY	Mozart: Piano Works (Remastered 2022)	16	183	2022-11-04	8
0PXoGqfWaLzowd1yMUgUrY	Mozart: Piano Works (Remastered 2022)	16	183	2022-11-04	8
67TXdqM1jPsLtR7Bl2Kl6J	2022 Football Rock Hits	3	95	2022-11-15	37
57N0woWwsqPA3DyLhcv8iW	Universal Heartbeat 2022	7	95	2022-11-14	36
5Mj2yjw6EZjcgcCzXhee9z	Dance - Best of 2022	3	182	2022-11-04	25
3b27iOthz11dejHHVG4Dze	Pop - Best of 2022	11	128	2022-11-04	55
3EFhsxrJoH3yE3r8bHheE6	Grave Dancers Union (2022 Remaster)	60	183	1992-10-06	12
6avbWYecMsBC6NSsfXggGU	My Faves 2022	4	128	2022-11-04	30
1pVDyIhEeVDBQjZYO67ytl	KIDZ BOP 2022	62	152	2021-10-22	48
0PXoGqfWaLzowd1yMUgUrY	Mozart: Piano Works (Remastered 2022)	16	183	2022-11-04	8
0PXoGqfWaLzowd1yMUgUrY	Mozart: Piano Works (Remastered 2022)	16	183	2022-11-04	8
0PXoGqfWaLzowd1yMUgUrY	Mozart: Piano Works (Remastered 2022)	16	183	2022-11-04	8
58NXIEYqmq5dQHg9nV9duM	Dirt (2022 Remaster)	70	183	1992-09-29	13
6avbWYecMsBC6NSsfXggGU	My Faves 2022	4	128	2022-11-04	30
3hgHmK71JKnsbmY46Q8WhP	the alternative 2022	7	182	2022-11-11	50
0NlICeyktPXMFJoj95ocBm	Alternative Hits 2022	8	179	2022-11-11	50
7nII01joxrmJU3KQPLejxV	2022 Rewind	5	181	2022-11-11	70
2RDHjxVUPxAJy927qgwiTM	Christmas 2022	8	95	2022-11-15	99
3AipZTknRT2FNrt58dMZax	Weihnachtsmusik 2022	2	95	2022-11-15	99
2RDHjxVUPxAJy927qgwiTM	Christmas 2022	8	95	2022-11-15	99
0zR5MvLOfhpjBjrgnnUrpX	Burn Bright	45	182	2022-02-18	21
5Mj2yjw6EZjcgcCzXhee9z	Dance - Best of 2022	3	182	2022-11-04	25
5AqLXYL7AbcPzQRCb1mBHI	Creatures Of The Night (40th Anniversary / Super Deluxe)	0	1	2022-11-18	76
5jK7ZZGXUBfttfclUNUmnS	Creatures Of The Night (40th Anniversary / Super Deluxe)	9	181	2022-11-18	76
7pHWKOkM0r46StmVvtNTGv	Creatures Of The Night (40th Anniversary / Deluxe)	4	181	2022-11-18	25
5AqLXYL7AbcPzQRCb1mBHI	Creatures Of The Night (40th Anniversary / Super Deluxe)	0	1	2022-11-18	76
7pHWKOkM0r46StmVvtNTGv	Creatures Of The Night (40th Anniversary / Deluxe)	4	181	2022-11-18	25
5jK7ZZGXUBfttfclUNUmnS	Creatures Of The Night (40th Anniversary / Super Deluxe)	9	181	2022-11-18	76
1j8DIcyDZEQylwnLgbULTv	Wintermärchen 2022	1	95	2022-11-15	42
2gDEzQ6MmWb8h8C8BBbvMT	Hits of 2022	8	133	2022-11-04	60
6avbWYecMsBC6NSsfXggGU	My Faves 2022	4	128	2022-11-04	30
7C221PnWhYGv8Tc0xSbfdc	Revolver (Super Deluxe)	68	182	2022-10-28	63
3AipZTknRT2FNrt58dMZax	Weihnachtsmusik 2022	2	95	2022-11-15	99
3AipZTknRT2FNrt58dMZax	Weihnachtsmusik 2022	2	95	2022-11-15	99
7C221PnWhYGv8Tc0xSbfdc	Revolver (Super Deluxe)	68	182	2022-10-28	63
7nII01joxrmJU3KQPLejxV	2022 Rewind	5	181	2022-11-11	70
5Wl4V0LZt5cl9JIrR3fqTA	Christmas Vibes 2022	4	95	2022-11-15	97
18YWp9F7KWU8cYFSA7o80m	Christmas 2022 Songs	0	95	2022-11-18	25
18YWp9F7KWU8cYFSA7o80m	Christmas 2022 Songs	0	95	2022-11-18	25
1B7uQCvD30tJVF3O5pQw6Z	Merry Christmas 2022	0	95	2022-11-18	40
2La2eFSTlRHHOOYL0DCFR9	Natale Classici 2022	3	3	2022-11-10	30
3b27iOthz11dejHHVG4Dze	Pop - Best of 2022	11	128	2022-11-04	55
692Hr9ucjagwt9XNMVgZF6	Božični Hiti 2022	1	95	2022-11-16	50
5AqLXYL7AbcPzQRCb1mBHI	Creatures Of The Night (40th Anniversary / Super Deluxe)	0	1	2022-11-18	76
1pVDyIhEeVDBQjZYO67ytl	KIDZ BOP 2022	62	152	2021-10-22	48
1imDCLrpKxoAg34MS5VRF9	Scarecrow (Deluxe Edition / 2022 Mix)	40	182	2022-11-04	24
7pHWKOkM0r46StmVvtNTGv	Creatures Of The Night (40th Anniversary / Deluxe)	4	181	2022-11-18	25
5jK7ZZGXUBfttfclUNUmnS	Creatures Of The Night (40th Anniversary / Super Deluxe)	9	181	2022-11-18	76
1imDCLrpKxoAg34MS5VRF9	Scarecrow (Deluxe Edition / 2022 Mix)	40	182	2022-11-04	24
3vWBXE54p5N7fTNgJgRpWV	Early Flashbacks 2022	56	182	2022-07-15	70
302yHlLozACyot1XwKb5Oq	I Love It (feat. Charli XCX) [I Don’t Care 2022 Re-Edit]	45	181	2022-06-03	1
7nII01joxrmJU3KQPLejxV	2022 Rewind	5	181	2022-11-11	70
1imDCLrpKxoAg34MS5VRF9	Scarecrow (Deluxe Edition / 2022 Mix)	40	182	2022-11-04	24
3hgHmK71JKnsbmY46Q8WhP	the alternative 2022	7	182	2022-11-11	50
0NlICeyktPXMFJoj95ocBm	Alternative Hits 2022	8	179	2022-11-11	50
2gDEzQ6MmWb8h8C8BBbvMT	Hits of 2022	8	133	2022-11-04	60
4CnAmH7lC1pdSGjN3vfahA	Top Christmas Songs 2022	7	95	2022-11-15	80
4CnAmH7lC1pdSGjN3vfahA	Top Christmas Songs 2022	7	95	2022-11-15	80
6avbWYecMsBC6NSsfXggGU	My Faves 2022	4	128	2022-11-04	30
4CnAmH7lC1pdSGjN3vfahA	Top Christmas Songs 2022	7	95	2022-11-15	80
5Wl4V0LZt5cl9JIrR3fqTA	Christmas Vibes 2022	4	95	2022-11-15	97
5Wl4V0LZt5cl9JIrR3fqTA	Christmas Vibes 2022	4	95	2022-11-15	97
692Hr9ucjagwt9XNMVgZF6	Božični Hiti 2022	1	95	2022-11-16	50
1imDCLrpKxoAg34MS5VRF9	Scarecrow (Deluxe Edition / 2022 Mix)	40	182	2022-11-04	24
1imDCLrpKxoAg34MS5VRF9	Scarecrow (Deluxe Edition / 2022 Mix)	40	182	2022-11-04	24
3ZAMCntYA52JaM4XvSWVZc	Essential Classics, Vol. 11: Gene Kelly (Remastered 2022)	36	183	2022-07-01	20
5AqLXYL7AbcPzQRCb1mBHI	Creatures Of The Night (40th Anniversary / Super Deluxe)	0	1	2022-11-18	76
5jK7ZZGXUBfttfclUNUmnS	Creatures Of The Night (40th Anniversary / Super Deluxe)	9	181	2022-11-18	76
7pHWKOkM0r46StmVvtNTGv	Creatures Of The Night (40th Anniversary / Deluxe)	4	181	2022-11-18	25
5jK7ZZGXUBfttfclUNUmnS	Creatures Of The Night (40th Anniversary / Super Deluxe)	9	181	2022-11-18	76
5AqLXYL7AbcPzQRCb1mBHI	Creatures Of The Night (40th Anniversary / Super Deluxe)	0	1	2022-11-18	76
4CnAmH7lC1pdSGjN3vfahA	Top Christmas Songs 2022	7	95	2022-11-15	80
7pHWKOkM0r46StmVvtNTGv	Creatures Of The Night (40th Anniversary / Deluxe)	4	181	2022-11-18	25
5e5WOhcAo3Fb0CAufVo8Gv	Uncle Albert/Admiral Halsey / Too Many People (Mono / Remastered 2022)	31	182	2022-11-10	2
3AipZTknRT2FNrt58dMZax	Weihnachtsmusik 2022	2	95	2022-11-15	99
0xkKzTdvWzS8DA4hzyQijn	Let It Snow 2022	0	95	2022-11-17	85
3AipZTknRT2FNrt58dMZax	Weihnachtsmusik 2022	2	95	2022-11-15	99
2RDHjxVUPxAJy927qgwiTM	Christmas 2022	8	95	2022-11-15	99
58NXIEYqmq5dQHg9nV9duM	Dirt (2022 Remaster)	70	183	1992-09-29	13
0xkKzTdvWzS8DA4hzyQijn	Let It Snow 2022	0	95	2022-11-17	85
1imDCLrpKxoAg34MS5VRF9	Scarecrow (Deluxe Edition / 2022 Mix)	40	182	2022-11-04	24
5RXuMChEBk9zgamXQF50Na	Alternative - Best of 2022	3	179	2022-11-04	25
0aA6OMy9EGkqiCdxyBdZXF	Chill Winter Hits 2022	6	95	2022-11-15	30
23A1VrlL0AyJkv6OpZofNy	Kiss Me	43	182	2022-11-11	6
5MzKklFbHDwi1MG79RWEHc	Only You (From The McDonald’s Christmas Advert 2022)	27	182	2022-11-10	1
2fBx0bD1gMWVKW0EzOWEnU	Best Country Christmas 2022	0	182	2022-11-18	26
5lGQpll7vlVM3CLNQcCPTe	Best Of Christmas Songs 2022	3	95	2022-11-15	27
7nPYMLQJhZAwHFeMcVqsmz	Christmas Swing 2022 | Dean Martin, Frank Sinatra, Nat King Cole, Bing Crosby, Rat Pack & more	6	95	2022-11-15	80
1imDCLrpKxoAg34MS5VRF9	Scarecrow (Deluxe Edition / 2022 Mix)	40	182	2022-11-04	24
7nPYMLQJhZAwHFeMcVqsmz	Christmas Swing 2022 | Dean Martin, Frank Sinatra, Nat King Cole, Bing Crosby, Rat Pack & more	6	95	2022-11-15	80
7nPYMLQJhZAwHFeMcVqsmz	Christmas Swing 2022 | Dean Martin, Frank Sinatra, Nat King Cole, Bing Crosby, Rat Pack & more	6	95	2022-11-15	80
24RyjePRpt7TWooJwAOQm6	Buone Feste di Natale 2022	5	95	2022-11-09	38
5lGQpll7vlVM3CLNQcCPTe	Best Of Christmas Songs 2022	3	95	2022-11-15	27
1imDCLrpKxoAg34MS5VRF9	Scarecrow (Deluxe Edition / 2022 Mix)	40	182	2022-11-04	24
7pHWKOkM0r46StmVvtNTGv	Creatures Of The Night (40th Anniversary / Deluxe)	4	181	2022-11-18	25
7pHWKOkM0r46StmVvtNTGv	Creatures Of The Night (40th Anniversary / Deluxe)	4	181	2022-11-18	25
7pHWKOkM0r46StmVvtNTGv	Creatures Of The Night (40th Anniversary / Deluxe)	4	181	2022-11-18	25
5e5WOhcAo3Fb0CAufVo8Gv	Uncle Albert/Admiral Halsey / Too Many People (Mono / Remastered 2022)	31	182	2022-11-10	2
5jK7ZZGXUBfttfclUNUmnS	Creatures Of The Night (40th Anniversary / Super Deluxe)	9	181	2022-11-18	76
5jK7ZZGXUBfttfclUNUmnS	Creatures Of The Night (40th Anniversary / Super Deluxe)	9	181	2022-11-18	76
5AqLXYL7AbcPzQRCb1mBHI	Creatures Of The Night (40th Anniversary / Super Deluxe)	0	1	2022-11-18	76
5jK7ZZGXUBfttfclUNUmnS	Creatures Of The Night (40th Anniversary / Super Deluxe)	9	181	2022-11-18	76
5jK7ZZGXUBfttfclUNUmnS	Creatures Of The Night (40th Anniversary / Super Deluxe)	9	181	2022-11-18	76
5AqLXYL7AbcPzQRCb1mBHI	Creatures Of The Night (40th Anniversary / Super Deluxe)	0	1	2022-11-18	76
1imDCLrpKxoAg34MS5VRF9	Scarecrow (Deluxe Edition / 2022 Mix)	40	182	2022-11-04	24
3b27iOthz11dejHHVG4Dze	Pop - Best of 2022	11	128	2022-11-04	55
5Mj2yjw6EZjcgcCzXhee9z	Dance - Best of 2022	3	182	2022-11-04	25
5AqLXYL7AbcPzQRCb1mBHI	Creatures Of The Night (40th Anniversary / Super Deluxe)	0	1	2022-11-18	76
5AqLXYL7AbcPzQRCb1mBHI	Creatures Of The Night (40th Anniversary / Super Deluxe)	0	1	2022-11-18	76
7pHWKOkM0r46StmVvtNTGv	Creatures Of The Night (40th Anniversary / Deluxe)	4	181	2022-11-18	25
1imDCLrpKxoAg34MS5VRF9	Scarecrow (Deluxe Edition / 2022 Mix)	40	182	2022-11-04	24
1Q6uvKGqYq1PBMfOchBkps	The Ultimate Christmas Party Playlist 2022	0	95	2022-11-17	45
5Wl4V0LZt5cl9JIrR3fqTA	Christmas Vibes 2022	4	95	2022-11-15	97
5Wl4V0LZt5cl9JIrR3fqTA	Christmas Vibes 2022	4	95	2022-11-15	97
67TXdqM1jPsLtR7Bl2Kl6J	2022 Football Rock Hits	3	95	2022-11-15	37
1imDCLrpKxoAg34MS5VRF9	Scarecrow (Deluxe Edition / 2022 Mix)	40	182	2022-11-04	24
3AipZTknRT2FNrt58dMZax	Weihnachtsmusik 2022	2	95	2022-11-15	99
3AipZTknRT2FNrt58dMZax	Weihnachtsmusik 2022	2	95	2022-11-15	99
3s6JvkRZ7DPCFqqu8ssOHm	Musica di Natale per bambini 2022	2	94	2022-11-15	31
3s6JvkRZ7DPCFqqu8ssOHm	Musica di Natale per bambini 2022	2	94	2022-11-15	31
3jdOgsGCO9oztx1XMeEYMq	X-Mas Party 2022	7	174	2022-11-11	57
3b27iOthz11dejHHVG4Dze	Pop - Best of 2022	11	128	2022-11-04	55
1pVDyIhEeVDBQjZYO67ytl	KIDZ BOP 2022	62	152	2021-10-22	48
1imDCLrpKxoAg34MS5VRF9	Scarecrow (Deluxe Edition / 2022 Mix)	40	182	2022-11-04	24
58NXIEYqmq5dQHg9nV9duM	Dirt (2022 Remaster)	70	183	1992-09-29	13
1Q6uvKGqYq1PBMfOchBkps	The Ultimate Christmas Party Playlist 2022	0	95	2022-11-17	45
1Q6uvKGqYq1PBMfOchBkps	The Ultimate Christmas Party Playlist 2022	0	95	2022-11-17	45
0xkKzTdvWzS8DA4hzyQijn	Let It Snow 2022	0	95	2022-11-17	85
2HQ1QwLkpqd5Jn0u5oskim	this was 2022 the hits	15	134	2022-11-11	100
0aA6OMy9EGkqiCdxyBdZXF	Chill Winter Hits 2022	6	95	2022-11-15	30
18YWp9F7KWU8cYFSA7o80m	Christmas 2022 Songs	0	95	2022-11-18	25
1imDCLrpKxoAg34MS5VRF9	Scarecrow (Deluxe Edition / 2022 Mix)	40	182	2022-11-04	24
692Hr9ucjagwt9XNMVgZF6	Božični Hiti 2022	1	95	2022-11-16	50
5Wl4V0LZt5cl9JIrR3fqTA	Christmas Vibes 2022	4	95	2022-11-15	97
18YWp9F7KWU8cYFSA7o80m	Christmas 2022 Songs	0	95	2022-11-18	25
692Hr9ucjagwt9XNMVgZF6	Božični Hiti 2022	1	95	2022-11-16	50
5Wl4V0LZt5cl9JIrR3fqTA	Christmas Vibes 2022	4	95	2022-11-15	97
3s6JvkRZ7DPCFqqu8ssOHm	Musica di Natale per bambini 2022	2	94	2022-11-15	31
1imDCLrpKxoAg34MS5VRF9	Scarecrow (Deluxe Edition / 2022 Mix)	40	182	2022-11-04	24
5CeGjVxZn9dEBaGGjjBiF3	Mega Éxcitos 2022	4	178	2022-11-11	25
1sMOVQA0CuRIWvD5XKgVLn	The Best J-Pop 2022	51	95	2022-09-20	27
2gDEzQ6MmWb8h8C8BBbvMT	Hits of 2022	8	133	2022-11-04	60
0xkKzTdvWzS8DA4hzyQijn	Let It Snow 2022	0	95	2022-11-17	85
4CnAmH7lC1pdSGjN3vfahA	Top Christmas Songs 2022	7	95	2022-11-15	80
0NlICeyktPXMFJoj95ocBm	Alternative Hits 2022	8	179	2022-11-11	50
6avbWYecMsBC6NSsfXggGU	My Faves 2022	4	128	2022-11-04	30
3hgHmK71JKnsbmY46Q8WhP	the alternative 2022	7	182	2022-11-11	50
1imDCLrpKxoAg34MS5VRF9	Scarecrow (Deluxe Edition / 2022 Mix)	40	182	2022-11-04	24
1Q6uvKGqYq1PBMfOchBkps	The Ultimate Christmas Party Playlist 2022	0	95	2022-11-17	45
6JvOKlgjSQmr5BJnXSpI6h	Too-Rye-Ay (As It Should Have Sounded 2022)	48	182	2022-10-14	39
7nII01joxrmJU3KQPLejxV	2022 Rewind	5	181	2022-11-11	70
6PanEvuo9ZNvGT39v50xp6	Yankee Hotel Foxtrot (2022 Remaster)	47	182	2002	11
1imDCLrpKxoAg34MS5VRF9	Scarecrow (Deluxe Edition / 2022 Mix)	40	182	2022-11-04	24
1imDCLrpKxoAg34MS5VRF9	Scarecrow (Deluxe Edition / 2022 Mix)	40	182	2022-11-04	24
1imDCLrpKxoAg34MS5VRF9	Scarecrow (Deluxe Edition / 2022 Mix)	40	182	2022-11-04	24
1VgtmdmTKTjJvCbA5gLbq8	Rap Hits 2022	8	136	2022-11-04	45
0Pgfvc1NylAmQsl3Vrev9e	Total Eclipse (2022 Remaster)	0	1	2022-11-18	1
1k9USMUU72nuGK2xivxEWd	Weird: The Al Yankovic Story - Original Soundtrack	46	183	2022-11-04	46
7nII01joxrmJU3KQPLejxV	2022 Rewind	5	181	2022-11-11	70
7nII01joxrmJU3KQPLejxV	2022 Rewind	5	181	2022-11-11	70
6mPSjHXiuf2zHA0ssVp8iU	Hayya Hayya (Better Together) [Music from FIFA World Cup Qatar 2022 Soundtrack]	52	182	2022-04-01	1
393QpUdoGU8jMCJgF4s99B	Atura o Baile (The World Is Yours To Take) [Funk Remix / Budweiser Anthem Of The FIFA World Cup 2022]	48	182	2022-11-11	1
3VzaX0xFHyhSWJoLtRwi8w	Time Exposure (Remastered 2022)	40	182	1981-08-01	13
2gDEzQ6MmWb8h8C8BBbvMT	Hits of 2022	8	133	2022-11-04	60
60w8hVodMuIPiVxs94H3Sh	Mood Boosters 2022	9	134	2022-11-04	33
1pVDyIhEeVDBQjZYO67ytl	KIDZ BOP 2022	62	152	2021-10-22	48
3HgoCO9wWuPcNhz8Ip4C46	‘The ReVe Festival 2022 - Feel My Rhythm’	65	183	2022-03-21	6
7l5I3C9sBNZfNG0BiECU2X	Surrender	37	181	2022-04-08	16
3cHkgwGgymEZx7njNJraEg	Radio Éxitos 2022 "El Disco Del Año"	16	1	2022-11-04	26
5Mj2yjw6EZjcgcCzXhee9z	Dance - Best of 2022	3	182	2022-11-04	25
3b27iOthz11dejHHVG4Dze	Pop - Best of 2022	11	128	2022-11-04	55
1347WznlDpcPegnS7dSi3c	Will Stetson's Halloweeen 2022	44	183	2022-10-31	2
3EFhsxrJoH3yE3r8bHheE6	Grave Dancers Union (2022 Remaster)	60	183	1992-10-06	12
2MwnJW31OVBG7hYWVg3rWK	KIDZ BOP Super POP!	59	182	2022-07-15	33
3b27iOthz11dejHHVG4Dze	Pop - Best of 2022	11	128	2022-11-04	55
3AipZTknRT2FNrt58dMZax	Weihnachtsmusik 2022	2	95	2022-11-15	99
3AipZTknRT2FNrt58dMZax	Weihnachtsmusik 2022	2	95	2022-11-15	99
0WoQL52aHQmrsjouDVbaWq	Weihnachten 2022	8	95	2022-11-08	100
3AipZTknRT2FNrt58dMZax	Weihnachtsmusik 2022	2	95	2022-11-15	99
1k9USMUU72nuGK2xivxEWd	Weird: The Al Yankovic Story - Original Soundtrack	46	183	2022-11-04	46
2fBx0bD1gMWVKW0EzOWEnU	Best Country Christmas 2022	0	182	2022-11-18	26
2fBx0bD1gMWVKW0EzOWEnU	Best Country Christmas 2022	0	182	2022-11-18	26
1pVDyIhEeVDBQjZYO67ytl	KIDZ BOP 2022	62	152	2021-10-22	48
6XCQ6n3fMz1qGcUVADbpY3	Football Anthems 2022	8	85	2022-11-11	20
4TW6r5GP0V1Ji1ZMnrlgDl	Spring 1 (2022)	39	182	2022-03-25	1
7nII01joxrmJU3KQPLejxV	2022 Rewind	5	181	2022-11-11	70
18YWp9F7KWU8cYFSA7o80m	Christmas 2022 Songs	0	95	2022-11-18	25
692Hr9ucjagwt9XNMVgZF6	Božični Hiti 2022	1	95	2022-11-16	50
692Hr9ucjagwt9XNMVgZF6	Božični Hiti 2022	1	95	2022-11-16	50
692Hr9ucjagwt9XNMVgZF6	Božični Hiti 2022	1	95	2022-11-16	50
5Wl4V0LZt5cl9JIrR3fqTA	Christmas Vibes 2022	4	95	2022-11-15	97
5Wl4V0LZt5cl9JIrR3fqTA	Christmas Vibes 2022	4	95	2022-11-15	97
18YWp9F7KWU8cYFSA7o80m	Christmas 2022 Songs	0	95	2022-11-18	25
7nII01joxrmJU3KQPLejxV	2022 Rewind	5	181	2022-11-11	70
0NlICeyktPXMFJoj95ocBm	Alternative Hits 2022	8	179	2022-11-11	50
3e7IPNmx0teWES6E8d6VOj	Unstoppable - 2022 Rocks	10	181	2022-11-04	30
3hgHmK71JKnsbmY46Q8WhP	the alternative 2022	7	182	2022-11-11	50
57N0woWwsqPA3DyLhcv8iW	Universal Heartbeat 2022	7	95	2022-11-14	36
7nII01joxrmJU3KQPLejxV	2022 Rewind	5	181	2022-11-11	70
0xkKzTdvWzS8DA4hzyQijn	Let It Snow 2022	0	95	2022-11-17	85
4CnAmH7lC1pdSGjN3vfahA	Top Christmas Songs 2022	7	95	2022-11-15	80
0xkKzTdvWzS8DA4hzyQijn	Let It Snow 2022	0	95	2022-11-17	85
2gDEzQ6MmWb8h8C8BBbvMT	Hits of 2022	8	133	2022-11-04	60
0xkKzTdvWzS8DA4hzyQijn	Let It Snow 2022	0	95	2022-11-17	85
6avbWYecMsBC6NSsfXggGU	My Faves 2022	4	128	2022-11-04	30
67TXdqM1jPsLtR7Bl2Kl6J	2022 Football Rock Hits	3	95	2022-11-15	37
67TXdqM1jPsLtR7Bl2Kl6J	2022 Football Rock Hits	3	95	2022-11-15	37
1k9USMUU72nuGK2xivxEWd	Weird: The Al Yankovic Story - Original Soundtrack	46	183	2022-11-04	46
1DbHFCl4DYYi58SI3NCBwh	Judy Garland: Recordings from the M-G-M Films (Motion Picture Soundtrack Anthology)	40	182	2022-06-03	115
3b27iOthz11dejHHVG4Dze	Pop - Best of 2022	11	128	2022-11-04	55
0NlICeyktPXMFJoj95ocBm	Alternative Hits 2022	8	179	2022-11-11	50
3hgHmK71JKnsbmY46Q8WhP	the alternative 2022	7	182	2022-11-11	50
3b27iOthz11dejHHVG4Dze	Pop - Best of 2022	11	128	2022-11-04	55
4Q0st7hPWvgZZ04okZcDDe	Christmas Jazz 2022	0	95	2022-11-17	72
3vWBXE54p5N7fTNgJgRpWV	Early Flashbacks 2022	56	182	2022-07-15	70
2RDHjxVUPxAJy927qgwiTM	Christmas 2022	8	95	2022-11-15	99
2RDHjxVUPxAJy927qgwiTM	Christmas 2022	8	95	2022-11-15	99
2RDHjxVUPxAJy927qgwiTM	Christmas 2022	8	95	2022-11-15	99
2RDHjxVUPxAJy927qgwiTM	Christmas 2022	8	95	2022-11-15	99
3AipZTknRT2FNrt58dMZax	Weihnachtsmusik 2022	2	95	2022-11-15	99
1k9USMUU72nuGK2xivxEWd	Weird: The Al Yankovic Story - Original Soundtrack	46	183	2022-11-04	46
1j8DIcyDZEQylwnLgbULTv	Wintermärchen 2022	1	95	2022-11-15	42
5Mj2yjw6EZjcgcCzXhee9z	Dance - Best of 2022	3	182	2022-11-04	25
1k9USMUU72nuGK2xivxEWd	Weird: The Al Yankovic Story - Original Soundtrack	46	183	2022-11-04	46
1Q6uvKGqYq1PBMfOchBkps	The Ultimate Christmas Party Playlist 2022	0	95	2022-11-17	45
0TJbHn3Cx2UhILpiinvHlV	Christmas 2022	0	95	2022-11-18	37
3b27iOthz11dejHHVG4Dze	Pop - Best of 2022	11	128	2022-11-04	55
5RXuMChEBk9zgamXQF50Na	Alternative - Best of 2022	3	179	2022-11-04	25
2HQ1QwLkpqd5Jn0u5oskim	this was 2022 the hits	15	134	2022-11-11	100
3AipZTknRT2FNrt58dMZax	Weihnachtsmusik 2022	2	95	2022-11-15	99
3s6JvkRZ7DPCFqqu8ssOHm	Musica di Natale per bambini 2022	2	94	2022-11-15	31
4Q0st7hPWvgZZ04okZcDDe	Christmas Jazz 2022	0	95	2022-11-17	72
3frq9YlxBm3yQB4M0F34LD	Christmas Classics 2022	2	95	2022-11-11	30
4Q0st7hPWvgZZ04okZcDDe	Christmas Jazz 2022	0	95	2022-11-17	72
3s6JvkRZ7DPCFqqu8ssOHm	Musica di Natale per bambini 2022	2	94	2022-11-15	31
4Q0st7hPWvgZZ04okZcDDe	Christmas Jazz 2022	0	95	2022-11-17	72
692Hr9ucjagwt9XNMVgZF6	Božični Hiti 2022	1	95	2022-11-16	50
5Wl4V0LZt5cl9JIrR3fqTA	Christmas Vibes 2022	4	95	2022-11-15	97
4THN4ghSLOYyWFv8UdaCNv	Noel jazz 2022	10	95	2022-11-04	43
07LVluSmvI6FEPC8PcRGl6	Christian Christmas Coffeehouse 2022	4	2	2022-11-15	34
7nII01joxrmJU3KQPLejxV	2022 Rewind	5	181	2022-11-11	70
7eMRu6zbiy4TuYQRGrKl6o	Rave Culture 2022	51	183	2021-12-10	1
1B7uQCvD30tJVF3O5pQw6Z	Merry Christmas 2022	0	95	2022-11-18	40
18YWp9F7KWU8cYFSA7o80m	Christmas 2022 Songs	0	95	2022-11-18	25
58NXIEYqmq5dQHg9nV9duM	Dirt (2022 Remaster)	70	183	1992-09-29	13
4CnAmH7lC1pdSGjN3vfahA	Top Christmas Songs 2022	7	95	2022-11-15	80
4oEVFKmJKkgmU0zKfq5sVC	Santa Baby - Christmas 2022	11	95	2022-11-08	80
4oEVFKmJKkgmU0zKfq5sVC	Santa Baby - Christmas 2022	11	95	2022-11-08	80
0xkKzTdvWzS8DA4hzyQijn	Let It Snow 2022	0	95	2022-11-17	85
4oEVFKmJKkgmU0zKfq5sVC	Santa Baby - Christmas 2022	11	95	2022-11-08	80
0aA6OMy9EGkqiCdxyBdZXF	Chill Winter Hits 2022	6	95	2022-11-15	30
5Wl4V0LZt5cl9JIrR3fqTA	Christmas Vibes 2022	4	95	2022-11-15	97
0aA6OMy9EGkqiCdxyBdZXF	Chill Winter Hits 2022	6	95	2022-11-15	30
0aA6OMy9EGkqiCdxyBdZXF	Chill Winter Hits 2022	6	95	2022-11-15	30
67TXdqM1jPsLtR7Bl2Kl6J	2022 Football Rock Hits	3	95	2022-11-15	37
1VgtmdmTKTjJvCbA5gLbq8	Rap Hits 2022	8	136	2022-11-04	45
2gDEzQ6MmWb8h8C8BBbvMT	Hits of 2022	8	133	2022-11-04	60
60w8hVodMuIPiVxs94H3Sh	Mood Boosters 2022	9	134	2022-11-04	33
3AipZTknRT2FNrt58dMZax	Weihnachtsmusik 2022	2	95	2022-11-15	99
2RDHjxVUPxAJy927qgwiTM	Christmas 2022	8	95	2022-11-15	99
0WoQL52aHQmrsjouDVbaWq	Weihnachten 2022	8	95	2022-11-08	100
2RDHjxVUPxAJy927qgwiTM	Christmas 2022	8	95	2022-11-15	99
3AipZTknRT2FNrt58dMZax	Weihnachtsmusik 2022	2	95	2022-11-15	99
3jdOgsGCO9oztx1XMeEYMq	X-Mas Party 2022	7	174	2022-11-11	57
4jtIVk2jR9sA9GeOiNCFTE	如果突然想起我 (《原神》游戏2022生日会同人曲)	42	183	2022-09-25	2
2RDHjxVUPxAJy927qgwiTM	Christmas 2022	8	95	2022-11-15	99
3AipZTknRT2FNrt58dMZax	Weihnachtsmusik 2022	2	95	2022-11-15	99
3AipZTknRT2FNrt58dMZax	Weihnachtsmusik 2022	2	95	2022-11-15	99
0X92R9KRPSAf7DgaAbYshe	Noël jazz 2022	40	95	2022-11-04	43
3AipZTknRT2FNrt58dMZax	Weihnachtsmusik 2022	2	95	2022-11-15	99
3AipZTknRT2FNrt58dMZax	Weihnachtsmusik 2022	2	95	2022-11-15	99
0xkKzTdvWzS8DA4hzyQijn	Let It Snow 2022	0	95	2022-11-17	85
4CnAmH7lC1pdSGjN3vfahA	Top Christmas Songs 2022	7	95	2022-11-15	80
1j8DIcyDZEQylwnLgbULTv	Wintermärchen 2022	1	95	2022-11-15	42
3frq9YlxBm3yQB4M0F34LD	Christmas Classics 2022	2	95	2022-11-11	30
67TXdqM1jPsLtR7Bl2Kl6J	2022 Football Rock Hits	3	95	2022-11-15	37
3b27iOthz11dejHHVG4Dze	Pop - Best of 2022	11	128	2022-11-04	55
4Q0st7hPWvgZZ04okZcDDe	Christmas Jazz 2022	0	95	2022-11-17	72
18YWp9F7KWU8cYFSA7o80m	Christmas 2022 Songs	0	95	2022-11-18	25
18YWp9F7KWU8cYFSA7o80m	Christmas 2022 Songs	0	95	2022-11-18	25
5Wl4V0LZt5cl9JIrR3fqTA	Christmas Vibes 2022	4	95	2022-11-15	97
5Wl4V0LZt5cl9JIrR3fqTA	Christmas Vibes 2022	4	95	2022-11-15	97
2La2eFSTlRHHOOYL0DCFR9	Natale Classici 2022	3	3	2022-11-10	30
1B7uQCvD30tJVF3O5pQw6Z	Merry Christmas 2022	0	95	2022-11-18	40
7nII01joxrmJU3KQPLejxV	2022 Rewind	5	181	2022-11-11	70
2RDHjxVUPxAJy927qgwiTM	Christmas 2022	8	95	2022-11-15	99
17ViKKpLueT54sAZuAUyPg	Piano Chillout: 22 Relaxing Classical Themes	44	183	2022-07-01	22
4Q0st7hPWvgZZ04okZcDDe	Christmas Jazz 2022	0	95	2022-11-17	72
6XCQ6n3fMz1qGcUVADbpY3	Football Anthems 2022	8	85	2022-11-11	20
0TJbHn3Cx2UhILpiinvHlV	Christmas 2022	0	95	2022-11-18	37
1j8DIcyDZEQylwnLgbULTv	Wintermärchen 2022	1	95	2022-11-15	42
0TJbHn3Cx2UhILpiinvHlV	Christmas 2022	0	95	2022-11-18	37
0TJbHn3Cx2UhILpiinvHlV	Christmas 2022	0	95	2022-11-18	37
5Wl4V0LZt5cl9JIrR3fqTA	Christmas Vibes 2022	4	95	2022-11-15	97
3fNVrWvWbHyVR1IsmJkUQP	Capodanno 2022 successi italiani	0	91	2022-11-18	61
3fNVrWvWbHyVR1IsmJkUQP	Capodanno 2022 successi italiani	0	91	2022-11-18	61
3fNVrWvWbHyVR1IsmJkUQP	Capodanno 2022 successi italiani	0	91	2022-11-18	61
2HQ1QwLkpqd5Jn0u5oskim	this was 2022 the hits	15	134	2022-11-11	100
4FbYMNff6ceTep1X6j3Q2e	Christian Christmas Radio 2022	9	95	2022-11-15	75
4FbYMNff6ceTep1X6j3Q2e	Christian Christmas Radio 2022	9	95	2022-11-15	75
07LVluSmvI6FEPC8PcRGl6	Christian Christmas Coffeehouse 2022	4	2	2022-11-15	34
0aA6OMy9EGkqiCdxyBdZXF	Chill Winter Hits 2022	6	95	2022-11-15	30
0xkKzTdvWzS8DA4hzyQijn	Let It Snow 2022	0	95	2022-11-17	85
4CnAmH7lC1pdSGjN3vfahA	Top Christmas Songs 2022	7	95	2022-11-15	80
3AipZTknRT2FNrt58dMZax	Weihnachtsmusik 2022	2	95	2022-11-15	99
3AipZTknRT2FNrt58dMZax	Weihnachtsmusik 2022	2	95	2022-11-15	99
7nII01joxrmJU3KQPLejxV	2022 Rewind	5	181	2022-11-11	70
3AipZTknRT2FNrt58dMZax	Weihnachtsmusik 2022	2	95	2022-11-15	99
7nII01joxrmJU3KQPLejxV	2022 Rewind	5	181	2022-11-11	70
3frq9YlxBm3yQB4M0F34LD	Christmas Classics 2022	2	95	2022-11-11	30
4CnAmH7lC1pdSGjN3vfahA	Top Christmas Songs 2022	7	95	2022-11-15	80
4CnAmH7lC1pdSGjN3vfahA	Top Christmas Songs 2022	7	95	2022-11-15	80
0xkKzTdvWzS8DA4hzyQijn	Let It Snow 2022	0	95	2022-11-17	85
2La2eFSTlRHHOOYL0DCFR9	Natale Classici 2022	3	3	2022-11-10	30
2La2eFSTlRHHOOYL0DCFR9	Natale Classici 2022	3	3	2022-11-10	30
18YWp9F7KWU8cYFSA7o80m	Christmas 2022 Songs	0	95	2022-11-18	25
692Hr9ucjagwt9XNMVgZF6	Božični Hiti 2022	1	95	2022-11-16	50
5Wl4V0LZt5cl9JIrR3fqTA	Christmas Vibes 2022	4	95	2022-11-15	97
692Hr9ucjagwt9XNMVgZF6	Božični Hiti 2022	1	95	2022-11-16	50
4THN4ghSLOYyWFv8UdaCNv	Noel jazz 2022	10	95	2022-11-04	43
5Wl4V0LZt5cl9JIrR3fqTA	Christmas Vibes 2022	4	95	2022-11-15	97
1B7uQCvD30tJVF3O5pQw6Z	Merry Christmas 2022	0	95	2022-11-18	40
1B7uQCvD30tJVF3O5pQw6Z	Merry Christmas 2022	0	95	2022-11-18	40
2La2eFSTlRHHOOYL0DCFR9	Natale Classici 2022	3	3	2022-11-10	30
5Wl4V0LZt5cl9JIrR3fqTA	Christmas Vibes 2022	4	95	2022-11-15	97
4Q0st7hPWvgZZ04okZcDDe	Christmas Jazz 2022	0	95	2022-11-17	72
4Q0st7hPWvgZZ04okZcDDe	Christmas Jazz 2022	0	95	2022-11-17	72
2gDEzQ6MmWb8h8C8BBbvMT	Hits of 2022	8	133	2022-11-04	60
24RyjePRpt7TWooJwAOQm6	Buone Feste di Natale 2022	5	95	2022-11-09	38
5lGQpll7vlVM3CLNQcCPTe	Best Of Christmas Songs 2022	3	95	2022-11-15	27
2gDEzQ6MmWb8h8C8BBbvMT	Hits of 2022	8	133	2022-11-04	60
0xkKzTdvWzS8DA4hzyQijn	Let It Snow 2022	0	95	2022-11-17	85
3b27iOthz11dejHHVG4Dze	Pop - Best of 2022	11	128	2022-11-04	55
4CnAmH7lC1pdSGjN3vfahA	Top Christmas Songs 2022	7	95	2022-11-15	80
0xkKzTdvWzS8DA4hzyQijn	Let It Snow 2022	0	95	2022-11-17	85
0TJbHn3Cx2UhILpiinvHlV	Christmas 2022	0	95	2022-11-18	37
0TJbHn3Cx2UhILpiinvHlV	Christmas 2022	0	95	2022-11-18	37
0TJbHn3Cx2UhILpiinvHlV	Christmas 2022	0	95	2022-11-18	37
0TJbHn3Cx2UhILpiinvHlV	Christmas 2022	0	95	2022-11-18	37
0TJbHn3Cx2UhILpiinvHlV	Christmas 2022	0	95	2022-11-18	37
2k9FuG5GyW61y2a0j4R3vP	Walt Disney Records The Legacy Collection: Aladdin	51	181	2022-09-16	51
1pVDyIhEeVDBQjZYO67ytl	KIDZ BOP 2022	62	152	2021-10-22	48
6zaOIfy2Fy8ez7UnAv1ZJ8	White Washed & Composure 2022	36	183	2022-07-01	4
1Q6uvKGqYq1PBMfOchBkps	The Ultimate Christmas Party Playlist 2022	0	95	2022-11-17	45
0aA6OMy9EGkqiCdxyBdZXF	Chill Winter Hits 2022	6	95	2022-11-15	30
7ILcxLRAchjzznQVoD0ESK	Classic Christmas Hits 2022	37	95	2022-07-06	32
1Q6uvKGqYq1PBMfOchBkps	The Ultimate Christmas Party Playlist 2022	0	95	2022-11-17	45
5EEfidbWdZNVnf8NptqvHJ	Christmas Party 2022	6	174	2022-11-11	27
1UKMpoHAZlywEwEQFs46wj	Pop Christmas 2022	38	91	2022-10-19	98
5z6BFXI711HbSAXDjgOAHE	Into The Woods (2022 Broadway Cast Recording)	55	182	2022-09-30	25
5z6BFXI711HbSAXDjgOAHE	Into The Woods (2022 Broadway Cast Recording)	55	182	2022-09-30	25
4CnAmH7lC1pdSGjN3vfahA	Top Christmas Songs 2022	7	95	2022-11-15	80
4CnAmH7lC1pdSGjN3vfahA	Top Christmas Songs 2022	7	95	2022-11-15	80
0xkKzTdvWzS8DA4hzyQijn	Let It Snow 2022	0	95	2022-11-17	85
4CnAmH7lC1pdSGjN3vfahA	Top Christmas Songs 2022	7	95	2022-11-15	80
0xkKzTdvWzS8DA4hzyQijn	Let It Snow 2022	0	95	2022-11-17	85
0xkKzTdvWzS8DA4hzyQijn	Let It Snow 2022	0	95	2022-11-17	85
4CnAmH7lC1pdSGjN3vfahA	Top Christmas Songs 2022	7	95	2022-11-15	80
0xkKzTdvWzS8DA4hzyQijn	Let It Snow 2022	0	95	2022-11-17	85
3hgHmK71JKnsbmY46Q8WhP	the alternative 2022	7	182	2022-11-11	50
5RZrivX6GuIijYW0A2ippm	Good Person (2022)	49	183	2022-03-05	2
5Mj2yjw6EZjcgcCzXhee9z	Dance - Best of 2022	3	182	2022-11-04	25
2HQ1QwLkpqd5Jn0u5oskim	this was 2022 the hits	15	134	2022-11-11	100
6afFf12bomqxBPP27VKQhX	Holiday Party 2022	9	174	2022-11-11	57
1Q6uvKGqYq1PBMfOchBkps	The Ultimate Christmas Party Playlist 2022	0	95	2022-11-17	45
3qkmmpbW57KdSEzrfiMDCT	Relaxing Piano Pop Covers 2022 (Vol.1)	47	183	2022-07-03	4
3cHkgwGgymEZx7njNJraEg	Radio Éxitos 2022 "El Disco Del Año"	16	1	2022-11-04	26
5EEfidbWdZNVnf8NptqvHJ	Christmas Party 2022	6	174	2022-11-11	27
1pVDyIhEeVDBQjZYO67ytl	KIDZ BOP 2022	62	152	2021-10-22	48
5Wl4V0LZt5cl9JIrR3fqTA	Christmas Vibes 2022	4	95	2022-11-15	97
4THN4ghSLOYyWFv8UdaCNv	Noel jazz 2022	10	95	2022-11-04	43
1B7uQCvD30tJVF3O5pQw6Z	Merry Christmas 2022	0	95	2022-11-18	40
5Wl4V0LZt5cl9JIrR3fqTA	Christmas Vibes 2022	4	95	2022-11-15	97
24RyjePRpt7TWooJwAOQm6	Buone Feste di Natale 2022	5	95	2022-11-09	38
1B7uQCvD30tJVF3O5pQw6Z	Merry Christmas 2022	0	95	2022-11-18	40
18YWp9F7KWU8cYFSA7o80m	Christmas 2022 Songs	0	95	2022-11-18	25
1B7uQCvD30tJVF3O5pQw6Z	Merry Christmas 2022	0	95	2022-11-18	40
1B7uQCvD30tJVF3O5pQw6Z	Merry Christmas 2022	0	95	2022-11-18	40
1B7uQCvD30tJVF3O5pQw6Z	Merry Christmas 2022	0	95	2022-11-18	40
1APy0Xh9aHsZtYKCu6rZaW	Natale Canzoni in famiglia 2022	4	95	2022-11-09	24
692Hr9ucjagwt9XNMVgZF6	Božični Hiti 2022	1	95	2022-11-16	50
2La2eFSTlRHHOOYL0DCFR9	Natale Classici 2022	3	3	2022-11-10	30
5Wl4V0LZt5cl9JIrR3fqTA	Christmas Vibes 2022	4	95	2022-11-15	97
2La2eFSTlRHHOOYL0DCFR9	Natale Classici 2022	3	3	2022-11-10	30
18YWp9F7KWU8cYFSA7o80m	Christmas 2022 Songs	0	95	2022-11-18	25
60w8hVodMuIPiVxs94H3Sh	Mood Boosters 2022	9	134	2022-11-04	33
5lGQpll7vlVM3CLNQcCPTe	Best Of Christmas Songs 2022	3	95	2022-11-15	27
1APy0Xh9aHsZtYKCu6rZaW	Natale Canzoni in famiglia 2022	4	95	2022-11-09	24
24RyjePRpt7TWooJwAOQm6	Buone Feste di Natale 2022	5	95	2022-11-09	38
5lGQpll7vlVM3CLNQcCPTe	Best Of Christmas Songs 2022	3	95	2022-11-15	27
24RyjePRpt7TWooJwAOQm6	Buone Feste di Natale 2022	5	95	2022-11-09	38
24RyjePRpt7TWooJwAOQm6	Buone Feste di Natale 2022	5	95	2022-11-09	38
1APy0Xh9aHsZtYKCu6rZaW	Natale Canzoni in famiglia 2022	4	95	2022-11-09	24
1APy0Xh9aHsZtYKCu6rZaW	Natale Canzoni in famiglia 2022	4	95	2022-11-09	24
3jdOgsGCO9oztx1XMeEYMq	X-Mas Party 2022	7	174	2022-11-11	57
1APy0Xh9aHsZtYKCu6rZaW	Natale Canzoni in famiglia 2022	4	95	2022-11-09	24
5lGQpll7vlVM3CLNQcCPTe	Best Of Christmas Songs 2022	3	95	2022-11-15	27
1APy0Xh9aHsZtYKCu6rZaW	Natale Canzoni in famiglia 2022	4	95	2022-11-09	24
24RyjePRpt7TWooJwAOQm6	Buone Feste di Natale 2022	5	95	2022-11-09	38
3jdOgsGCO9oztx1XMeEYMq	X-Mas Party 2022	7	174	2022-11-11	57
5EEfidbWdZNVnf8NptqvHJ	Christmas Party 2022	6	174	2022-11-11	27
3jdOgsGCO9oztx1XMeEYMq	X-Mas Party 2022	7	174	2022-11-11	57
2RDHjxVUPxAJy927qgwiTM	Christmas 2022	8	95	2022-11-15	99
2HQ1QwLkpqd5Jn0u5oskim	this was 2022 the hits	15	134	2022-11-11	100
1Q6uvKGqYq1PBMfOchBkps	The Ultimate Christmas Party Playlist 2022	0	95	2022-11-17	45
0aA6OMy9EGkqiCdxyBdZXF	Chill Winter Hits 2022	6	95	2022-11-15	30
0aA6OMy9EGkqiCdxyBdZXF	Chill Winter Hits 2022	6	95	2022-11-15	30
0aA6OMy9EGkqiCdxyBdZXF	Chill Winter Hits 2022	6	95	2022-11-15	30
0aA6OMy9EGkqiCdxyBdZXF	Chill Winter Hits 2022	6	95	2022-11-15	30
5Mj2yjw6EZjcgcCzXhee9z	Dance - Best of 2022	3	182	2022-11-04	25
3s6JvkRZ7DPCFqqu8ssOHm	Musica di Natale per bambini 2022	2	94	2022-11-15	31
60w8hVodMuIPiVxs94H3Sh	Mood Boosters 2022	9	134	2022-11-04	33
6avbWYecMsBC6NSsfXggGU	My Faves 2022	4	128	2022-11-04	30
7nII01joxrmJU3KQPLejxV	2022 Rewind	5	181	2022-11-11	70
3frq9YlxBm3yQB4M0F34LD	Christmas Classics 2022	2	95	2022-11-11	30
5tmk33Tf9Fght50ux5n4md	WOTFI 2022 (Original Webseries Soundtrack)	42	183	2022-10-15	2
7nII01joxrmJU3KQPLejxV	2022 Rewind	5	181	2022-11-11	70
5ChykWANx8LVgVLdOtKsHu	Cosy Classics - Vivaldi	0	95	2022-11-18	450
7AuWcki3N72BH2T5Ayo9D3	Vivaldi - Classical Panorama	0	95	2022-11-19	450
1Q6uvKGqYq1PBMfOchBkps	The Ultimate Christmas Party Playlist 2022	0	95	2022-11-17	45
3b27iOthz11dejHHVG4Dze	Pop - Best of 2022	11	128	2022-11-04	55
0bb3DLuPoU58Yh7FZ5834B	100 Great Composers: Vivaldi	41	95	2022-11-04	445
1Q6uvKGqYq1PBMfOchBkps	The Ultimate Christmas Party Playlist 2022	0	95	2022-11-17	45
2CjCpylLuz0ZB1LlxFfjKi	Driving Classics: Vivaldi	43	95	2022-11-11	447
67TXdqM1jPsLtR7Bl2Kl6J	2022 Football Rock Hits	3	95	2022-11-15	37
3AipZTknRT2FNrt58dMZax	Weihnachtsmusik 2022	2	95	2022-11-15	99
2RDHjxVUPxAJy927qgwiTM	Christmas 2022	8	95	2022-11-15	99
3AipZTknRT2FNrt58dMZax	Weihnachtsmusik 2022	2	95	2022-11-15	99
5lGQpll7vlVM3CLNQcCPTe	Best Of Christmas Songs 2022	3	95	2022-11-15	27
4r2ITt11J3XxGyXtJ2tyva	The 46th PTNA Piano Competition 2022: Prize Winners Album (Live)	0	183	2022-11-18	12
4r2ITt11J3XxGyXtJ2tyva	The 46th PTNA Piano Competition 2022: Prize Winners Album (Live)	0	183	2022-11-18	12
4r2ITt11J3XxGyXtJ2tyva	The 46th PTNA Piano Competition 2022: Prize Winners Album (Live)	0	183	2022-11-18	12
0TJbHn3Cx2UhILpiinvHlV	Christmas 2022	0	95	2022-11-18	37
5lGQpll7vlVM3CLNQcCPTe	Best Of Christmas Songs 2022	3	95	2022-11-15	27
24RyjePRpt7TWooJwAOQm6	Buone Feste di Natale 2022	5	95	2022-11-09	38
5lGQpll7vlVM3CLNQcCPTe	Best Of Christmas Songs 2022	3	95	2022-11-15	27
2HQ1QwLkpqd5Jn0u5oskim	this was 2022 the hits	15	134	2022-11-11	100
5lGQpll7vlVM3CLNQcCPTe	Best Of Christmas Songs 2022	3	95	2022-11-15	27
24RyjePRpt7TWooJwAOQm6	Buone Feste di Natale 2022	5	95	2022-11-09	38
24RyjePRpt7TWooJwAOQm6	Buone Feste di Natale 2022	5	95	2022-11-09	38
7nPYMLQJhZAwHFeMcVqsmz	Christmas Swing 2022 | Dean Martin, Frank Sinatra, Nat King Cole, Bing Crosby, Rat Pack & more	6	95	2022-11-15	80
5knuXBWenny1xBG6ug66ks	Ultimate Hits (Remastered 2022)	40	182	2022-10-14	25
3b27iOthz11dejHHVG4Dze	Pop - Best of 2022	11	128	2022-11-04	55
1j8DIcyDZEQylwnLgbULTv	Wintermärchen 2022	1	95	2022-11-15	42
5CeGjVxZn9dEBaGGjjBiF3	Mega Éxcitos 2022	4	178	2022-11-11	25
3AipZTknRT2FNrt58dMZax	Weihnachtsmusik 2022	2	95	2022-11-15	99
2gDEzQ6MmWb8h8C8BBbvMT	Hits of 2022	8	133	2022-11-04	60
2fBx0bD1gMWVKW0EzOWEnU	Best Country Christmas 2022	0	182	2022-11-18	26
3bHgx3N5jB6ytS7i7I7t8M	Hardstyle The Annual 2023	0	179	2022-11-19	117
3e7IPNmx0teWES6E8d6VOj	Unstoppable - 2022 Rocks	10	181	2022-11-04	30
2fBx0bD1gMWVKW0EzOWEnU	Best Country Christmas 2022	0	182	2022-11-18	26
2gDEzQ6MmWb8h8C8BBbvMT	Hits of 2022	8	133	2022-11-04	60
3e7IPNmx0teWES6E8d6VOj	Unstoppable - 2022 Rocks	10	181	2022-11-04	30
18YWp9F7KWU8cYFSA7o80m	Christmas 2022 Songs	0	95	2022-11-18	25
3s6JvkRZ7DPCFqqu8ssOHm	Musica di Natale per bambini 2022	2	94	2022-11-15	31
5Wl4V0LZt5cl9JIrR3fqTA	Christmas Vibes 2022	4	95	2022-11-15	97
5Wl4V0LZt5cl9JIrR3fqTA	Christmas Vibes 2022	4	95	2022-11-15	97
692Hr9ucjagwt9XNMVgZF6	Božični Hiti 2022	1	95	2022-11-16	50
692Hr9ucjagwt9XNMVgZF6	Božični Hiti 2022	1	95	2022-11-16	50
2HQ1QwLkpqd5Jn0u5oskim	this was 2022 the hits	15	134	2022-11-11	100
3dU31hUC2CEI1yKSNaH0f1	Goodbye (She Quietly Says) / Watertown [2022 Mix]	45	182	2022-05-06	2
1uhNDQ24SrZf0PyTzGaFv8	Spring Break 2022: Country Favourites	39	95	2022-03-14	49
5Wl4V0LZt5cl9JIrR3fqTA	Christmas Vibes 2022	4	95	2022-11-15	97
7nII01joxrmJU3KQPLejxV	2022 Rewind	5	181	2022-11-11	70
0NlICeyktPXMFJoj95ocBm	Alternative Hits 2022	8	179	2022-11-11	50
2uKoZMZW6vohzkd5lnYeJ4	Machine (20th Anniversary Edition) [2022 Remaster]	35	183	2001	15
3hgHmK71JKnsbmY46Q8WhP	the alternative 2022	7	182	2022-11-11	50
7nII01joxrmJU3KQPLejxV	2022 Rewind	5	181	2022-11-11	70
4Q0st7hPWvgZZ04okZcDDe	Christmas Jazz 2022	0	95	2022-11-17	72
2SFKqoZuBpOzhu4zcG9ATE	The Age of Love 2022	49	182	2022-10-14	1
4Q0st7hPWvgZZ04okZcDDe	Christmas Jazz 2022	0	95	2022-11-17	72
4Q0st7hPWvgZZ04okZcDDe	Christmas Jazz 2022	0	95	2022-11-17	72
5Mj2yjw6EZjcgcCzXhee9z	Dance - Best of 2022	3	182	2022-11-04	25
1ZfJoIH7xVP4DvFy2roaN9	Best of 2022	46	95	2022-10-04	24
6avbWYecMsBC6NSsfXggGU	My Faves 2022	4	128	2022-11-04	30
60w8hVodMuIPiVxs94H3Sh	Mood Boosters 2022	9	134	2022-11-04	33
4THN4ghSLOYyWFv8UdaCNv	Noel jazz 2022	10	95	2022-11-04	43
2HQ1QwLkpqd5Jn0u5oskim	this was 2022 the hits	15	134	2022-11-11	100
2RDHjxVUPxAJy927qgwiTM	Christmas 2022	8	95	2022-11-15	99
7nII01joxrmJU3KQPLejxV	2022 Rewind	5	181	2022-11-11	70
2gDEzQ6MmWb8h8C8BBbvMT	Hits of 2022	8	133	2022-11-04	60
3VzaX0xFHyhSWJoLtRwi8w	Time Exposure (Remastered 2022)	40	182	1981-08-01	13
3AipZTknRT2FNrt58dMZax	Weihnachtsmusik 2022	2	95	2022-11-15	99
3AipZTknRT2FNrt58dMZax	Weihnachtsmusik 2022	2	95	2022-11-15	99
3AipZTknRT2FNrt58dMZax	Weihnachtsmusik 2022	2	95	2022-11-15	99
3AipZTknRT2FNrt58dMZax	Weihnachtsmusik 2022	2	95	2022-11-15	99
0WoQL52aHQmrsjouDVbaWq	Weihnachten 2022	8	95	2022-11-08	100
0WoQL52aHQmrsjouDVbaWq	Weihnachten 2022	8	95	2022-11-08	100
0WoQL52aHQmrsjouDVbaWq	Weihnachten 2022	8	95	2022-11-08	100
2RDHjxVUPxAJy927qgwiTM	Christmas 2022	8	95	2022-11-15	99
3AipZTknRT2FNrt58dMZax	Weihnachtsmusik 2022	2	95	2022-11-15	99
3AipZTknRT2FNrt58dMZax	Weihnachtsmusik 2022	2	95	2022-11-15	99
2RDHjxVUPxAJy927qgwiTM	Christmas 2022	8	95	2022-11-15	99
3AipZTknRT2FNrt58dMZax	Weihnachtsmusik 2022	2	95	2022-11-15	99
2RDHjxVUPxAJy927qgwiTM	Christmas 2022	8	95	2022-11-15	99
0NlICeyktPXMFJoj95ocBm	Alternative Hits 2022	8	179	2022-11-11	50
5CeGjVxZn9dEBaGGjjBiF3	Mega Éxcitos 2022	4	178	2022-11-11	25
3hgHmK71JKnsbmY46Q8WhP	the alternative 2022	7	182	2022-11-11	50
4CnAmH7lC1pdSGjN3vfahA	Top Christmas Songs 2022	7	95	2022-11-15	80
0xkKzTdvWzS8DA4hzyQijn	Let It Snow 2022	0	95	2022-11-17	85
0xkKzTdvWzS8DA4hzyQijn	Let It Snow 2022	0	95	2022-11-17	85
6avbWYecMsBC6NSsfXggGU	My Faves 2022	4	128	2022-11-04	30
0BrnpdBkGqsxwTXU9AzNGQ	Top Tracks 2022	8	179	2022-11-04	26
4oEVFKmJKkgmU0zKfq5sVC	Santa Baby - Christmas 2022	11	95	2022-11-08	80
0xkKzTdvWzS8DA4hzyQijn	Let It Snow 2022	0	95	2022-11-17	85
24RyjePRpt7TWooJwAOQm6	Buone Feste di Natale 2022	5	95	2022-11-09	38
6dmYVnZqGoUJprbAKk2B83	R&B - Best of 2022	7	132	2022-11-04	30
2k9FuG5GyW61y2a0j4R3vP	Walt Disney Records The Legacy Collection: Aladdin	51	181	2022-09-16	51
4i4ZLqZMhHqD3Wkl04yq4u	Thizzler Cypher 2022	46	183	2022-07-06	6
7C221PnWhYGv8Tc0xSbfdc	Revolver (Super Deluxe)	68	182	2022-10-28	63
3AipZTknRT2FNrt58dMZax	Weihnachtsmusik 2022	2	95	2022-11-15	99
2gDEzQ6MmWb8h8C8BBbvMT	Hits of 2022	8	133	2022-11-04	60
5CeGjVxZn9dEBaGGjjBiF3	Mega Éxcitos 2022	4	178	2022-11-11	25
0WoQL52aHQmrsjouDVbaWq	Weihnachten 2022	8	95	2022-11-08	100
3AipZTknRT2FNrt58dMZax	Weihnachtsmusik 2022	2	95	2022-11-15	99
3bxxma5xoyxqMaE3l4YHl5	Star Guardian 2022 (Official Orchestral Theme)	38	183	2022-06-21	1
6J75Uzqa5JtPX6R2o8ak3l	Tik Tock Hits 2022	47	95	2022-01-31	36
1Q6uvKGqYq1PBMfOchBkps	The Ultimate Christmas Party Playlist 2022	0	95	2022-11-17	45
4Q0st7hPWvgZZ04okZcDDe	Christmas Jazz 2022	0	95	2022-11-17	72
4Q0st7hPWvgZZ04okZcDDe	Christmas Jazz 2022	0	95	2022-11-17	72
4Q0st7hPWvgZZ04okZcDDe	Christmas Jazz 2022	0	95	2022-11-17	72
5Wl4V0LZt5cl9JIrR3fqTA	Christmas Vibes 2022	4	95	2022-11-15	97
3frq9YlxBm3yQB4M0F34LD	Christmas Classics 2022	2	95	2022-11-11	30
4Q0st7hPWvgZZ04okZcDDe	Christmas Jazz 2022	0	95	2022-11-17	72
5Mj2yjw6EZjcgcCzXhee9z	Dance - Best of 2022	3	182	2022-11-04	25
3b27iOthz11dejHHVG4Dze	Pop - Best of 2022	11	128	2022-11-04	55
2RDHjxVUPxAJy927qgwiTM	Christmas 2022	8	95	2022-11-15	99
2O4UbvPRJvaK7w1Ebub951	Türkishe Hip Hop & Rap 2022	1	91	2022-11-04	31
2RDHjxVUPxAJy927qgwiTM	Christmas 2022	8	95	2022-11-15	99
2O4UbvPRJvaK7w1Ebub951	Türkishe Hip Hop & Rap 2022	1	91	2022-11-04	31
5h3yp4glFk8e098g3f0f1E	ASOT 1095 - A State Of Trance Episode 1095	24	183	2022-11-17	51
1APy0Xh9aHsZtYKCu6rZaW	Natale Canzoni in famiglia 2022	4	95	2022-11-09	24
0TJbHn3Cx2UhILpiinvHlV	Christmas 2022	0	95	2022-11-18	37
1j8DIcyDZEQylwnLgbULTv	Wintermärchen 2022	1	95	2022-11-15	42
0TJbHn3Cx2UhILpiinvHlV	Christmas 2022	0	95	2022-11-18	37
3e7IPNmx0teWES6E8d6VOj	Unstoppable - 2022 Rocks	10	181	2022-11-04	30
0TJbHn3Cx2UhILpiinvHlV	Christmas 2022	0	95	2022-11-18	37
2RDHjxVUPxAJy927qgwiTM	Christmas 2022	8	95	2022-11-15	99
3AipZTknRT2FNrt58dMZax	Weihnachtsmusik 2022	2	95	2022-11-15	99
4Q0st7hPWvgZZ04okZcDDe	Christmas Jazz 2022	0	95	2022-11-17	72
4Q0st7hPWvgZZ04okZcDDe	Christmas Jazz 2022	0	95	2022-11-17	72
4Q0st7hPWvgZZ04okZcDDe	Christmas Jazz 2022	0	95	2022-11-17	72
4Q0st7hPWvgZZ04okZcDDe	Christmas Jazz 2022	0	95	2022-11-17	72
4Q0st7hPWvgZZ04okZcDDe	Christmas Jazz 2022	0	95	2022-11-17	72
4CnAmH7lC1pdSGjN3vfahA	Top Christmas Songs 2022	7	95	2022-11-15	80
0xkKzTdvWzS8DA4hzyQijn	Let It Snow 2022	0	95	2022-11-17	85
4CnAmH7lC1pdSGjN3vfahA	Top Christmas Songs 2022	7	95	2022-11-15	80
0xkKzTdvWzS8DA4hzyQijn	Let It Snow 2022	0	95	2022-11-17	85
0xkKzTdvWzS8DA4hzyQijn	Let It Snow 2022	0	95	2022-11-17	85
0xkKzTdvWzS8DA4hzyQijn	Let It Snow 2022	0	95	2022-11-17	85
0xkKzTdvWzS8DA4hzyQijn	Let It Snow 2022	0	95	2022-11-17	85
4CnAmH7lC1pdSGjN3vfahA	Top Christmas Songs 2022	7	95	2022-11-15	80
1Q6uvKGqYq1PBMfOchBkps	The Ultimate Christmas Party Playlist 2022	0	95	2022-11-17	45
67TXdqM1jPsLtR7Bl2Kl6J	2022 Football Rock Hits	3	95	2022-11-15	37
0TJbHn3Cx2UhILpiinvHlV	Christmas 2022	0	95	2022-11-18	37
0TJbHn3Cx2UhILpiinvHlV	Christmas 2022	0	95	2022-11-18	37
0TJbHn3Cx2UhILpiinvHlV	Christmas 2022	0	95	2022-11-18	37
4DCIc6AsRGKdKLh2bDfQr0	Pure Acoustic 2022	42	95	2022-03-18	40
1j8DIcyDZEQylwnLgbULTv	Wintermärchen 2022	1	95	2022-11-15	42
3eWcXbAhQf8rniTQ7u2JDB	Estrellita De Madrugada (Ft. Daddy Yankee)	53	183	2022-08-26	3
692Hr9ucjagwt9XNMVgZF6	Božični Hiti 2022	1	95	2022-11-16	50
1B7uQCvD30tJVF3O5pQw6Z	Merry Christmas 2022	0	95	2022-11-18	40
2La2eFSTlRHHOOYL0DCFR9	Natale Classici 2022	3	3	2022-11-10	30
5Wl4V0LZt5cl9JIrR3fqTA	Christmas Vibes 2022	4	95	2022-11-15	97
5Wl4V0LZt5cl9JIrR3fqTA	Christmas Vibes 2022	4	95	2022-11-15	97
1B7uQCvD30tJVF3O5pQw6Z	Merry Christmas 2022	0	95	2022-11-18	40
4THN4ghSLOYyWFv8UdaCNv	Noel jazz 2022	10	95	2022-11-04	43
692Hr9ucjagwt9XNMVgZF6	Božični Hiti 2022	1	95	2022-11-16	50
1B7uQCvD30tJVF3O5pQw6Z	Merry Christmas 2022	0	95	2022-11-18	40
2La2eFSTlRHHOOYL0DCFR9	Natale Classici 2022	3	3	2022-11-10	30
4THN4ghSLOYyWFv8UdaCNv	Noel jazz 2022	10	95	2022-11-04	43
1YnYdZrfgtie2NvTsNUAIQ	Heartbroken 2022	47	182	2022-06-27	1
0xkKzTdvWzS8DA4hzyQijn	Let It Snow 2022	0	95	2022-11-17	85
0xkKzTdvWzS8DA4hzyQijn	Let It Snow 2022	0	95	2022-11-17	85
0xkKzTdvWzS8DA4hzyQijn	Let It Snow 2022	0	95	2022-11-17	85
4CnAmH7lC1pdSGjN3vfahA	Top Christmas Songs 2022	7	95	2022-11-15	80
4oEVFKmJKkgmU0zKfq5sVC	Santa Baby - Christmas 2022	11	95	2022-11-08	80
0xkKzTdvWzS8DA4hzyQijn	Let It Snow 2022	0	95	2022-11-17	85
